공급업체명,공급업체소재지,기업구분,품명,세부품명,품목명,물품식별번호,단가,단위,공급지역,납품일수,납품장소,인도조건,인증정보,우수제품여부,MAS여부,계약기간,쇼핑몰등록일자
웰텍(주),강원특별자치도 횡성군,중소기업,스틸파일,강관파일,"강관파일, 웰텍, WEL-GRPF-SP-1219-22, Φ1219×22mm",25175347,1704,KG,전지역(도서지역 제외),90,수요기관 지정장소,납품장소차상도,"우수조달물품, G-PASS기업, G-PASS기업(B등급)",Y,N,20260311~20260413,20260311
웰텍(주),강원특별자치도 횡성군,중소기업,스틸파일,강관파일,"강관파일, 웰텍, WEL-GRPF-SP-1117-16, Φ1117×16mm",25175338,1950,KG,전지역(도서지역 제외),90,수요기관 지정장소,납품장소차상도,"우수조달물품, G-PASS기업, G-PASS기업(B등급)",Y,N,20240909~20241024,20240909
웰텍(주),강원특별자치도 횡성군,중소기업,스틸파일,강관파일,"강관파일, 웰텍, WEL-GRPF-SP-812-16, Φ812×16mm",25175315,2037,KG,전지역(도서지역 제외),90,수요기관 지정장소,납품장소차상도,"우수조달물품, G-PASS기업, G-PASS기업(B등급)",Y,N,20241211~20250205,20241211
주성이엔지 주식회사,대전광역시 서구,중소기업,스틸파일,강관파일,"강관파일, 주성이엔지, JSE-F-406-7, Φ406.4×7mm",25736146,135000,m,전지역(도서지역 제외),90,수요기관 지정장소,납품장소차상도,"여성기업제품, 우수조달물품, 사회적기업제품, 특허",Y,N,20251010~20251119,20251010
주성이엔지 주식회사,대전광역시 서구,중소기업,스틸파일,강관파일,"강관파일, 주성이엔지, JSE-F-355-900-14, Φ900×14mm",25736235,590800,m,전지역(도서지역 제외),90,수요기관 지정장소,납품장소차상도,"여성기업제품, 우수조달물품, 사회적기업제품, 특허",Y,N,20260210~20260225,20260210
주성이엔지 주식회사,대전광역시 서구,중소기업,스틸파일,강관파일,"강관파일, 주성이엔지, JSE-F-355-1524-25, Φ1524×25mm",25736289,1671870,m,전지역(도서지역 제외),90,수요기관 지정장소,납품장소차상도,"여성기업제품, 우수조달물품, 사회적기업제품, 특허",Y,N,20260422~20271013,20260422
한국종합철관 주식회사,충청남도 천안시 동남구,중소기업,스틸파일,강관파일,"강관파일, KS F4602 표시품",10066763,1188,kg,전지역(제주 및 도서지역은 해상운임비 별도),90,수요기관 지정장소,납품장소차상도,,N,Y,20241115~20250623,20241118
한국종합철관 주식회사,충청남도 천안시 동남구,중소기업,스틸파일,강관파일,"강관파일, 한국종합철관, PUML-711.2-14, Φ711.2×14mm",25601467,1860,kg,전지역(도서지역 제외),90,수요기관 지정장소,납품장소차상도,"우수조달물품, 특허",Y,N,20260205~20290117,20260205
한국종합철관 주식회사,충청남도 천안시 동남구,중소기업,스틸파일,강관파일,"강관파일, 한국종합철관, PUML-508.0-14, Φ508×14mm",25601452,2031,kg,전지역(도서지역 제외),90,수요기관 지정장소,납품장소차상도,"우수조달물품, 특허",Y,N,20260205~20290117,20260205
한국주철관공업(주),부산광역시 사하구,중견기업,스틸파일,강관파일,"강관파일, KS F4602 표시품",10066763,1100,kg,전지역(도서지역 제외),90,수요기관 지정장소,납품장소차상도,,N,Y,20241107~20270630,20241120
주식회사 한양하이텍,인천광역시 부평구,중소기업,융복합관류,융복합폴리에틸렌피복강관,"융복합폴리에틸렌피복강관, 위스코, HY-D/LJ-80A-3LC, 스마트더블락누수감지폴리에틸렌피복강관",25461321,344150,식,전지역(제주 및 도서산간지역 운임비 별도),60,수요기관 지정장소,납품장소차상도,"혁신제품, 가족친화인증기업",N,N,20260316~20271023,20260316
주식회사 한양하이텍,인천광역시 부평구,중소기업,융복합관류,융복합폴리에틸렌피복강관,"융복합폴리에틸렌피복강관, 위스코, HY-D/LJ-450A-3LC, 스마트더블락누수감지폴리에틸렌피복강관",25461329,2336560,식,전지역(제주 및 도서산간지역 운임비 별도),60,수요기관 지정장소,납품장소차상도,"혁신제품, 가족친화인증기업",N,N,20260316~20271023,20260316
주식회사 한양하이텍,인천광역시 부평구,중소기업,융복합관류,융복합폴리에틸렌피복강관,"융복합폴리에틸렌피복강관, 위스코, HY-D/LJ-900A-3LC(8T), 스마트더블락누수감지폴리에틸렌피복강관",25461337,5530180,식,전지역(제주 및 도서산간지역 운임비 별도),60,수요기관 지정장소,납품장소차상도,"혁신제품, 가족친화인증기업",N,N,20260316~20271023,20260316
(주)신안주철,충청북도 영동군,중소기업,주철관,하수도용덕타일주철관,"하수도용덕타일주철관, Φ80mm×6m, 3종, KP메커니컬/시멘트라이닝",22082771,118700,본,전지역,30,수요기관 지정장소,기타사항참조,,N,N,20250509~20260501,20250509
(주)신안주철,충청북도 영동군,중소기업,주철관,수도용덕타일주철관,"수도용덕타일주철관, Φ350mm×6m, 3종, KP메커니컬/에폭시",22840093,850970,본,전지역,30,수요기관 지정장소,기타사항참조,,N,N,20250509~20260501,20250509
(주)신안주철,충청북도 영동군,중소기업,주철관,수도용덕타일주철관,"수도용덕타일주철관, Φ1200mm×6m, 2종, KP메커니컬/에폭시",24012886,6469930,본,전지역,30,수요기관 지정장소,기타사항참조,,N,N,20250509~20260501,20250509
한국주철관공업(주),부산광역시 사하구,중견기업,주철관,하수도용덕타일주철관,"하수도용덕타일주철관, Φ80mm×6m, 3종, KP메커니컬/시멘트라이닝",22082771,118940,본,전지역,30,수요기관 지정장소,기타사항참조,,N,N,20250509~20260430,20250509
한국주철관공업(주),부산광역시 사하구,중견기업,주철관,수도용덕타일주철관,"수도용덕타일주철관, Φ350mm×6m, 3종, KP메커니컬/에폭시",22840093,853610,본,전지역,30,수요기관 지정장소,기타사항참조,,N,N,20250509~20260501,20250509
한국주철관공업(주),부산광역시 사하구,중견기업,주철관,수도용덕타일주철관,"수도용덕타일주철관, Φ1200mm×6m, 2종, KP메커니컬/에폭시",24012886,6489960,본,전지역,30,수요기관 지정장소,기타사항참조,,N,N,20260504~20261030,20260504
(주)신안주철,충청북도 영동군,중소기업,주철제관이음,수도용덕타일주철이형관,"수도용덕타일주철이형관, 에폭시분체도장용(BPF), Φ80~600mm, 접합부속제외",22840286,3590,kg,전지역,30,수요기관 지정장소,기타사항참조,,N,N,20240131~20250401,20250131
(주)신안주철,충청북도 영동군,중소기업,주철제관이음,수도용덕타일주철이형관,"수도용덕타일주철이형관, (부품)KP접합부속(압륜/볼트/너트/고무링), Φ350mm",22088483,64050,조,전지역,30,수요기관 지정장소,기타사항참조,,N,N,20250509~20260501,20250509
(주)신안주철,충청북도 영동군,중소기업,주철제관이음,수도용덕타일주철이형관,"수도용덕타일주철이형관, (부품)KP접합부속(압륜/볼트/너트/고무링), Φ1200mm",24015444,375870,조,전지역,30,수요기관 지정장소,기타사항참조,,N,N,20250509~20260501,20250509
한국주철관공업(주),부산광역시 사하구,중견기업,주철제관이음,수도용덕타일주철이형관,"수도용덕타일주철이형관, 에폭시분체도장용(BPF), Φ80~600mm, 접합부속제외",22840286,3600,kg,전지역,30,수요기관 지정장소,기타사항참조,,N,N,20250328~20250503,20250331
한국주철관공업(주),부산광역시 사하구,중견기업,주철제관이음,수도용덕타일주철이형관,"수도용덕타일주철이형관, (부품)KP접합부속(압륜/볼트/너트/고무링), Φ350mm",22088483,64180,조,전지역,30,수요기관 지정장소,기타사항참조,,N,N,20250509~20260430,20250509
한국주철관공업(주),부산광역시 사하구,중견기업,주철제관이음,수도용덕타일주철이형관,"수도용덕타일주철이형관, (부품)KP접합부속(압륜/볼트/너트/고무링), Φ1200mm",24015444,376620,조,전지역,30,수요기관 지정장소,기타사항참조,,N,N,20260430~20261030,20260430
서우실업 주식회사,인천광역시 남동구,중소기업,커플링식관이음,커플링식관이음쇠,"커플링식관이음쇠, 서우실업, SW-16, Φ80mm",25048745,520000,개,"전지역(제주,도서지역 제외)",30,수요기관 지정장소,납품장소 하차도,,N,N,20250314~20250409,20250319
서우실업 주식회사,인천광역시 남동구,중소기업,커플링식관이음,커플링식관이음쇠,"커플링식관이음쇠, 서우실업, SW-12, Φ150mm",24156882,793100,개,"전지역(제주,도서지역 제외)",30,수요기관 지정장소,납품장소 하차도,"소기업, 혁신제품",N,N,20251218~20271223,20251222
서우실업 주식회사,인천광역시 남동구,중소기업,커플링식관이음,커플링식관이음쇠,"커플링식관이음쇠, 서우실업, SW-15, Φ300mm",24156885,1036400,개,"전지역(제주,도서지역 제외)",30,수요기관 지정장소,납품장소 하차도,"소기업, 혁신제품",N,N,20251218~20271223,20251222
(주)다은,충청북도 진천군,중소기업,파형강관,파형강관,"파형강관, 다은, ORS200, Φ200×1.6mm, ORS",20980943,22400,m,"전지역(제주,도서지역 제외)",30,수요기관 지정장소,납품장소 하차도,"KS, 장애인기업제품, 소상공인",N,Y,20250213~20250609,20250213
(주)다은,충청북도 진천군,중소기업,파형강관,파형강관,"파형강관, 다은, 3RS1000, Φ1000×2.7mm, 3RS",20981025,231230,m,"전지역(제주,도서지역 제외)",30,수요기관 지정장소,납품장소 하차도,"KS, 장애인기업제품, 소상공인",N,Y,20250213~20250609,20250213
(주)다은,충청북도 진천군,중소기업,파형강관,파형강관,"파형강관, 다은, DEPE2-WT-2000-3RS32, Φ2000×t3.2mm, 3RS, PE내외부피복",23516812,1002800,m,전지역(도서지역 제외),30,수요기관 지정장소,현장도착도,,N,N,20241202~20250322,20241202
(주)대양씨에스피,강원특별자치도 영월군,중소기업,파형강관,파형강관,"파형강관, 대양씨에스피, DYH0156, Φ150×1.6mm, 유공관",20991833,21910,m,"전지역(제주,도서지역 제외)",30,수요기관 지정장소,납품장소 하차도,"KS, 소기업",N,Y,20241107~20241120,20241107
(주)대양씨에스피,강원특별자치도 영월군,중소기업,파형강관,파형강관,"파형강관, 대양씨에스피, DP0707B, Φ700×2.7mm, 1RS, PE양면피복",21091182,156000,m,"전지역(제주,도서지역 제외)",30,수요기관 지정장소,납품장소 하차도,"KS, 소기업",N,Y,20250514~20250613,20250514
(주)대양씨에스피,강원특별자치도 영월군,중소기업,파형강관,파형강관,"파형강관, 대양씨에스피, DP32403A, Φ2400×3.2mm, 3RS, PE내면피복",21091239,1200510,m,전지역(제주제외),30,각 수요기관 지정장소,납품장소 하차도,"KS, 소기업",N,Y,20260622~20290321,20260622
(주)서해금속산업,전남광주통합특별시 담양군,중소기업,파형강관,파형강관,"파형강관, 서해금속산업,  SH-SCP-15, Φ150×t1.6mm, 직관(0RS), 아연도금",23584999,16980,m,전지역(제주 및 도서지역은 해상운임비 별도),30,수요기관 지정장소,납품장소 하차도,"KS, 소상공인",N,Y,20241231~20250607,20241231
(주)서해금속산업,전남광주통합특별시 담양군,중소기업,파형강관,파형강관,"파형강관, 서해금속산업, SH-PCS1-702, Φ700×2.0mm, 1RS, PE양면피복",21167198,128620,m,전지역(제주 및 도서지역은 해상운임비 별도),30,각 수요기관 지정장소,납품장소 하차도,"KS, 소상공인",N,Y,20260316~20290315,20260322
(주)서해금속산업,전남광주통합특별시 담양군,중소기업,파형강관,파형강관,"파형강관, 서해금속산업, SH-PDS-3O-18032, Φ1800×t3.2mm, 직관(3RS)/내부평활, PE양면피복",25336502,1090000,m,전지역(제주 및 도서지역은 해상운임비 별도),30,각 수요기관 지정장소,납품장소 하차도,"KS, 소상공인",N,Y,20260316~20290315,20260322
(주)성호철관,전북특별자치도 익산시,중소기업,파형강관,파형강관,"파형강관, 성호철관, SEONGHO-8, Φ300×1.6mm, 1RS",21020882,33330,m,전지역,30,수요기관 지정장소,납품장소 하차도,"KS, 소기업",N,Y,20250121~20250623,20250121
(주)성호철관,전북특별자치도 익산시,중소기업,파형강관,파형강관,"파형강관, 성호철관, SEONGHO-158, Φ1100×2.0mm(3RS)",21053651,170390,m,전지역,30,각 수요기관 지정장소,납품장소 하차도,"KS, 소기업",N,Y,20260430~20290319,20260430
(주)성호철관,전북특별자치도 익산시,중소기업,파형강관,파형강관,"파형강관, 성호철관, RI3LC-27, Φ2600×t3.2mm, 직관(3RS)/내부평활/플랜지형, PE3층피복",24399326,1236510,m,"전지역(제주,도서지역 제외)",30,수요기관 지정장소,납품장소 하차도,"우수조달물품, 소기업",Y,N,20260513~20260929,20260513
(주)월드케미칼,강원특별자치도 춘천시,중소기업,파형강관,파형강관,"파형강관, 월드케미칼, WC-SCP-150, Φ150×t1.6mm, 직관(0RS), 아연도금",26138054,16980,m,전지역(제주 및 도서지역은 해상운임비 별도),30,수요기관 지정장소,납품장소 하차도,"KS, G-PASS기업, 소기업, 인적자원개발 우수기업, 가족친화인증기업, G-PASS기업(B등급)",N,Y,20260420~20290419,20260420
(주)월드케미칼,강원특별자치도 춘천시,중소기업,파형강관,파형강관,"파형강관, 월드케미칼, WC-SCP2-700, Φ700×t2.0mm, 직관(1RS), 아연도금",26145315,112360,m,전지역(제주 및 도서지역은 해상운임비 별도),30,수요기관 지정장소,납품장소 하차도,"KS, G-PASS기업, 소기업, 인적자원개발 우수기업, 가족친화인증기업, G-PASS기업(B등급)",N,Y,20260420~20290419,20260420
(주)월드케미칼,강원특별자치도 춘천시,중소기업,파형강관,파형강관,"파형강관, 월드케미칼, WC-SCP4-1800, Φ1800×t3.2mm, 직관(1RS), 아연도금",26145334,404640,m,전지역(제주 및 도서지역은 해상운임비 별도),30,수요기관 지정장소,납품장소 하차도,"KS, G-PASS기업, 소기업, 인적자원개발 우수기업, 가족친화인증기업, G-PASS기업(B등급)",N,Y,20260420~20290419,20260420
(주)이진테크,충청남도 예산군,중소기업,파형강관,파형강관,"파형강관, 이진테크, CNCP-150a-0, Φ150×t1.6mm, 0RS, 아연도금",22769512,15930,m,전지역,30,수요기관 지정장소,납품장소 하차도,"KS, 창업기업제품, 소상공인",N,Y,20250307~20250513,20250311
(주)이진테크,충청남도 예산군,중소기업,파형강관,파형강관,"파형강관, 이진테크, CNCPS-900c, Φ900×t2.7mm, 1RS, 세라믹단면피복",22770841,170550,m,전지역,30,수요기관 지정장소,납품장소 하차도,"KS, 창업기업제품, 소상공인",N,Y,20250908~20250911,20250908
(주)이진테크,충청남도 예산군,중소기업,파형강관,파형강관,"파형강관, 이진테크, CNCPD-2400d-3, Φ2400×t3.2mm, 3RS, 세라믹양면피복",23468146,695520,m,전지역(제주 및 도서산간지역 운임시공비 추가),30,각 수요기관 지정장소,납품장소 하차도,"KS, 창업기업제품, 소상공인",N,Y,20260322~20290321,20260322
(주)청화금속,경기도 안성시,중소기업,파형강관,파형강관,"파형강관, 청화금속, CH-0RS-150, Φ150×t1.6mm, 직관(0RS), 아연도금",21475795,15990,m,전지역(도서지역 제외),30,수요기관 지정장소,납품장소 하차도,"KS, 소상공인",N,Y,20241230~20250305,20241230
(주)청화금속,경기도 안성시,중소기업,파형강관,파형강관,"파형강관, 청화금속, CH1-10027, Φ1000×2.7mm, 1RS, 아연도금",21470306,162070,m,전지역(도서지역 제외),30,수요기관 지정장소,납품장소 하차도,"KS, 소상공인",N,Y,20251106~20251204,20251106
(주)청화금속,경기도 안성시,중소기업,파형강관,파형강관,"파형강관, 청화금속, PL302-3RS-2400e, Φ2400×t3.2mm, 3RS, PE양면피복",22120612,862000,m,전지역(도서지역 제외),30,수요기관 지정장소,납품장소 하차도,"KS, 소상공인",N,Y,20260703~20290317,20260703
(주)픽슨,전남광주통합특별시 광양시,중소기업,파형강관,파형강관,"파형강관, 픽슨, FXB0-1516, Φ150×t1.6mm, 0RS-B, 아연도금",23444971,18040,m,전지역(제주 및 도서지역은 해상운임비 별도),30,수요기관 지정장소,납품장소 하차도,"KS, G-PASS기업, G-PASS기업(A등급)",N,Y,20250607~20250702,20250607
(주)픽슨,전남광주통합특별시 광양시,중소기업,파형강관,파형강관,"파형강관, 픽슨, FX3-11020, Φ1100×2.0mm, 3RS, 아연도금",21113414,200070,m,전지역(제주 및 도서지역은 해상운임비 별도),30,각 수요기관 지정장소,납품장소 하차도,"KS, G-PASS기업, G-PASS기업(A등급)",N,Y,20260316~20290315,20260322
(주)픽슨,전남광주통합특별시 광양시,중소기업,파형강관,파형강관,"파형강관, 픽슨, FX-HPL2-300323, Φ3000×t3.2mm, 직관(3RS), 복합PE양면피복",25151032,1237970,M,전지역(제주 및 도서산간지역 운임비 별도),30,수요기관 지정장소,납품장소 하차도,"우수조달물품, G-PASS기업, G-PASS기업(A등급)",Y,N,20250528~20280411,20250528
(주)픽슨이앤씨,전북특별자치도 남원시,중소기업,파형강관,파형강관,"파형강관, 픽슨이앤씨, ENC1-3016, Φ300×t1.6mm, 1RS, 아연도금",22365526,46330,m,전지역(제주 및 도서지역은 해상운임비 별도),30,수요기관 지정장소,납품장소 하차도,"KS, 소기업",N,Y,20250607~20250702,20250607
(주)픽슨이앤씨,전북특별자치도 남원시,중소기업,파형강관,파형강관,"파형강관, 픽슨이앤씨, HCR301-12020, Φ1200×t2.0mm, 나선형리브/PE내면피복",23248275,249600,m,전지역(제주 및 도서지역은 해상운임비 별도),30,수요기관 지정장소,납품장소 하차도,,N,N,20251027~20251107,20251027
(주)픽슨이앤씨,전북특별자치도 남원시,중소기업,파형강관,파형강관,"파형강관, 픽슨이앤씨, ENC3-24032-PL302, Φ2400×t3.2mm, 3RS, PE양면피복",22365848,976540,m,전지역(제주 및 도서지역은 해상운임비 별도),30,수요기관 지정장소,납품장소 하차도,소기업,N,Y,20260316~20290315,20260322
금성씨.에스.피주식회사,충청남도 아산시,중소기업,파형강관,파형강관,"파형강관, 금성CSP, KS1-3016, Φ300×1.6mm, 1RS, 아연도금",21618966,37390,m,전지역(제주 및 도서산간지역 운임비 별도),30,수요기관 지정장소,납품장소 하차도,소상공인,N,Y,20250307~20250328,20250307
금성씨.에스.피주식회사,충청남도 아산시,중소기업,파형강관,파형강관,"파형강관, 금성CSP, KS1-8027, Φ800×2.7mm, 1RS, 아연도금",21618992,150200,m,전지역(제주 및 도서지역은 해상운임비 별도),30,각 수욕기관 지정장소,납품장소 하차도,소상공인,N,Y,20260526~20290317,20260526
금성씨.에스.피주식회사,충청남도 아산시,중소기업,파형강관,파형강관,"파형강관, 금성CSP, KS1-18032-CSP302, Φ1800×3.2mm, 1RS, PE양면피복",21625177,584100,m,전지역(제주 및 도서지역은 해상운임비 별도),30,각 수욕기관 지정장소,납품장소 하차도,소상공인,N,Y,20260526~20290317,20260526
남강철강 주식회사,경상남도 진주시,중소기업,파형강관,파형강관,"파형강관, 남강철강, hm-0r-16-2-150, Φ150×t1.6mm, 직관(0RS), PE내면피복",24982591,14110,m,전지역(제주 및 도서지역은 해상운임비 별도),30,수요기관 지정장소,납품장소 하차도,"장애인기업제품, 창업기업제품",N,Y,20240816~20240924,20240816
남강철강 주식회사,경상남도 진주시,중소기업,파형강관,파형강관,"파형강관, 남강철강, hm-3r-27-1-1000, Φ1000×t2.7mm, 직관(3RS), 아연도금",24982638,208570,m,전지역(제주 및 도서지역은 해상운임비 별도),30,수요기관 지정장소,납품장소 하차도,"장애인기업제품, 창업기업제품",N,Y,20240924~20241030,20240924
남강철강 주식회사,경상남도 진주시,중소기업,파형강관,파형강관,"파형강관, 남강철강, hm-3r2-32-2400, Φ2400×t3.2mm, 직관(3RS)/내부평활, PE양면피복",25043888,1202717,m,전지역(제주 및 도서지역은 해상운임비 별도),30,수요기관 지정장소,납품장소 하차도,"장애인기업제품, 창업기업제품",N,Y,20250418~20250430,20250418
대왕철강 주식회사,경상남도 하동군,중소기업,파형강관,파형강관,"파형강관, 대왕철강, Φ150×1.6mm, 0RS",20931100,17740,m,전지역(도서지역 운임비 별도),30,수요기관 지정장소,납품장소 하차도,"KS, 품질보증조달물품, 사회적기업제품, G-PASS기업, 소기업, G-PASS기업(B등급)",N,Y,20250407~20250425,20250407
대왕철강 주식회사,경상남도 하동군,중소기업,파형강관,파형강관,"파형강관, 대왕철강, DWS3RS1000-2, Φ1000×t2.0mm, 직관(3RS), 아연도금",23919776,166380,m,전지역(제주 및 도서지역은 해상운임비 별도),30,수요기관 지정장소,납품장소 하차도,"KS, 품질보증조달물품, 사회적기업제품, G-PASS기업, 소기업, G-PASS기업(B등급)",N,Y,20260421~20260519,20260421
대왕철강 주식회사,경상남도 하동군,중소기업,파형강관,파형강관,"파형강관, 대왕철강, DWS3RS24004-1, Φ2400×t3.2mm, 직관(3RS), PE양면피복",23920065,1144270,m,전지역(제주 및 도서지역은 해상운임비 별도),30,수요기관 지정장소,납품장소 하차도,"KS, 품질보증조달물품, 사회적기업제품, G-PASS기업, 소기업, G-PASS기업(B등급)",N,Y,20260519~20290420,20260519
대한강관 주식회사,경상남도 함안군,중소기업,파형강관,파형강관,"파형강관, 대한강관, DHCPE-06-0150, Φ150×t1.6mm, 0RS, PE내면피복",22126050,14000,m,전지역(도서지역 제외),30,수요기관 지정장소,납품장소 하차도,"KS, 장애인기업제품, G-PASS기업, 소기업, 가족친화인증기업, G-PASS기업(B등급)",N,Y,20260713~20260807,20260713
대한강관 주식회사,경상남도 함안군,중소기업,파형강관,파형강관,"파형강관, 대한강관, DHiPS-1-127-0600, Φ600×t2.7mm, 직관(1RS)/내부평활, PE내면피복",24589251,207376,m,전지역(도서지역 제외),30,수요기관지정장소,납품장소 하차도,"KS, 장애인기업제품, G-PASS기업, 소기업, 가족친화인증기업, G-PASS기업(B등급)",N,Y,20250922~20251219,20250922
대한강관 주식회사,경상남도 함안군,중소기업,파형강관,파형강관,"파형강관, 대한강관, DHiPS-2-332-2400, Φ2400×t3.2mm, 직관(3RS)/내부평활, PE양면피복",24589318,1259390,m,전지역(도서지역 제외),30,수요기관지정장소,납품장소 하차도,"KS, 장애인기업제품, G-PASS기업, 소기업, 가족친화인증기업, G-PASS기업(B등급)",N,Y,20250328~20250404,20250328
동양파이프（주）,전북특별자치도 정읍시,중소기업,파형강관,파형강관,"파형강관, 동양파이프, dyp01-0300, Φ300×1.6mm, 1RS",20971653,45860,m,전지역(제주 및 도서산간지역 운임비 별도),30,수요기관 지정장소,납품장소 하차도,소상공인,N,Y,20240814~20240816,20240814
동양파이프（주）,전북특별자치도 정읍시,중소기업,파형강관,파형강관,"파형강관, 동양파이프, dyp20-900-2, Φ900×2.0mm, PE양면피복, 1RS",21222896,225540,m,전지역(제주 및 도서산간지역 운임비 별도),30,수요기관 지정장소,납품장소 하차도,소상공인,N,Y,20250611~20250613,20250611
동양파이프（주）,전북특별자치도 정읍시,중소기업,파형강관,파형강관,"파형강관, 동양파이프, dyp02-2400, Φ2400×3.2mm, 3RS",20971722,779810,m,전지역(제주 및 도서지역은 해상운임비 별도),30,각 수요기관 지정장소,납품장소 하차도,소상공인,N,Y,20260806~20290318,20260806
동원철강(주),전남광주통합특별시 보성군,중소기업,파형강관,파형강관,"파형강관, 동원철강, dw01-0150, Φ150×1.6mm, 0RS",20920500,18850,m,전지역(제주 및 도서산간지역 운임비 별도),30,수요기관 지정장소,납품장소 하차도,소상공인,N,Y,20250616~20251218,20250616
동원철강(주),전남광주통합특별시 보성군,중소기업,파형강관,파형강관,"파형강관, 동원철강, dw17-0700, Φ700×2.7mm, 1RS",20920531,150860,m,전지역(제주 및 도서산간지역 운임비 별도),30,수요기관 지정장소,납품장소 하차도,소상공인,N,Y,20251218~20260322,20251218
동원철강(주),전남광주통합특별시 보성군,중소기업,파형강관,파형강관,"파형강관, 동원철강, PD-1RS-1800, Φ1800×3.2mm, PE양면피복",20802130,689970,m,전지역(제주 및 도서지역은 해상운임비 별도),30,각 수요기관 지정장소,납품장소 하차도,소상공인,N,Y,20260319~20290318,20260322
신한스틸파이프주식회사,경상북도 성주군,중소기업,파형강관,파형강관,"파형강관, 신한스틸파이프, SHCPE-06-0150, Φ150×t1.6mm, 0RS, PE내면피복",22366195,15650,m,전지역(도서지역 제외),30,수요기관 지정장소,납품장소 하차도,"KS, 장애인기업제품, G-PASS기업, 소기업, 인적자원개발 우수기업, 가족친화인증기업, G-PASS기업(B등급)",N,Y,20241230~20250609,20241230
신한스틸파이프주식회사,경상북도 성주군,중소기업,파형강관,파형강관,"파형강관, 신한스틸파이프, SHCPE-03-0600, Φ600×t2.7mm, 1RS, PE양면피복",21884627,162000,m,전지역(도서지역 제외),30,수요기관 지정장소,납품장소 하차도,"KS, 장애인기업제품, G-PASS기업, 소기업, 인적자원개발 우수기업, 가족친화인증기업, G-PASS기업(B등급)",N,Y,20241230~20250609,20241230
신한스틸파이프주식회사,경상북도 성주군,중소기업,파형강관,파형강관,"파형강관, 신한스틸파이프, SHiPS-2-332-1650, Φ1650×t3.2mm, 직관(3RS)/내부평활, PE양면피복",24054227,872880,m,전지역(도서지역 제외),30,수요기관 지정장소,납품장소 하차도,"KS, 장애인기업제품, G-PASS기업, 소기업, 인적자원개발 우수기업, 가족친화인증기업, G-PASS기업(B등급)",N,Y,20260320~20260406,20260322
영남산업 주식회사,경상북도 경주시,중소기업,파형강관,파형강관,"파형강관, 영남산업, YNPE-163, Φ150×1.6mm, 0RS, PE내면피복",21186307,14090,m,전지역(제주 및 도서지역은 해상운임비 별도),30,각 수요기관 지정장소,납품장소 하차도,"KS, 사회적기업제품, G-PASS기업, 소기업, 인적자원개발 우수기업, 가족친화인증기업, G-PASS기업(B등급)",N,Y,20260319~20260427,20260322
영남산업 주식회사,경상북도 경주시,중소기업,파형강관,파형강관,"파형강관, 영남산업, YN-IPS-1-120-1000, Φ1000×t2.0mm, 직관(1RS)/내부평활, PE내면피복",24627938,232548,m,전지역(제주 및 도서지역은 해상운임비 별도),30,수요기관 지정장소,납품장소 하차도,"KS, 사회적기업제품, G-PASS기업, 소기업, 인적자원개발 우수기업, 가족친화인증기업, G-PASS기업(B등급)",N,Y,20251229~20251231,20251229
영남산업 주식회사,경상북도 경주시,중소기업,파형강관,파형강관,"파형강관, 영남산업, CVPE33-232-2400, Φ2400×t3.2mm, 직관(3RS)/내부평활, PE양면피복",24714132,1408590,m,전지역(제주 및 도서지역은 해상운임비 별도),30,수요기관 지정장소,납품장소차상도,"사회적기업제품, G-PASS기업, 소기업, 인적자원개발 우수기업, 혁신제품, 가족친화인증기업, G-PASS기업(B등급)",N,N,20251224~20261225,20251224
주식회사 거양,경상북도 포항시 북구,중소기업,파형강관,파형강관,"파형강관, 거양, KY-01015-12, Φ150×1.6mm, 0RS",20931235,17680,m,전지역(제주 및 도서지역은 해상운임비 별도),30,수요기관 지정장소,납품장소 하차도,KS,N,Y,20250120~20250613,20250120
주식회사 거양,경상북도 포항시 북구,중소기업,파형강관,파형강관,"파형강관, 거양, KY-D2070-11, Φ700×t2.0mm, 1RS, PE양면피복",23209095,143370,m,전지역(제주 및 도서지역은 해상운임비 별도),30,수요기관 지정장소,납품장소 하차도,KS,N,Y,20250120~20250613,20250120
주식회사 거양,경상북도 포항시 북구,중소기업,파형강관,파형강관,"파형강관, 거양, KY-04240-13, Φ2400×3.2mm, 3RS",20931318,688480,m,전지역(제주 및 도서지역은 해상운임비 별도),30,각 수요기관 지정장소,납품장소 하차도,KS,N,Y,20260730~20290318,20260730
주식회사 대양,경상북도 의성군,중소기업,파형강관,파형강관,"파형강관, 대양, USP0256A, Φ250×t1.6mm, 0RS, PE내면피복",22902437,26500,m,전지역(제주를제외한도서지역제외),30,수요기관 지정장소,납품장소 하차도,단체표준인증,N,Y,20240930~20241024,20240930
주식회사 대양,경상북도 의성군,중소기업,파형강관,파형강관,"파형강관, 대양, US0707, Φ700×t2.7mm, 1RS, 아연도금",22901769,120150,m,전지역(제주를제외한도서지역제외),30,수요기관 지정장소,납품장소 하차도,"KS, 소상공인",N,Y,20250304~20250613,20250304
주식회사 대양,경상북도 의성군,중소기업,파형강관,파형강관,"파형강관, 대양, USP1503B, Φ1500×t3.2mm, 1RS, PE양면피복",22904990,476000,m,전지역(제주 및 도서산간지역 운임비 별도),30,각 수요기관 지정장소,납품장소 하차도,"KS, 소상공인",N,Y,20260513~20290325,20260513
주식회사 대정철강,경상북도 영천시,중소기업,파형강관,파형강관,"파형강관, 대정철강, DJ-PCI01, Φ150×t1.6mm, 직관(0RS), PE내면피복",23670986,17370,m,전지역(제주 및 도서지역은 해상운임비 별도),30,수요기관 지정장소,납품장소 하차도,"KS, 여성기업제품, 소상공인",N,Y,20241017~20241224,20241017
주식회사 대정철강,경상북도 영천시,중소기업,파형강관,파형강관,"파형강관, 대정철강, DJ-PCO50, Φ900×t2mm, 직관(3RS), PE양면피복",23671113,212500,m,전지역(제주 및 도서지역은 해상운임비 별도),30,수요기관 지정장소,납품장소 하차도,"KS, 여성기업제품, 소상공인",N,Y,20241017~20241224,20241017
주식회사 대정철강,경상북도 영천시,중소기업,파형강관,파형강관,"파형강관, 대정철강, DJ-PCO78, Φ2400×t3.2mm, 직관(3RS), PE양면피복",23671141,862440,m,전지역(제주 및 도서지역은 해상운임비 별도),30,각 수요기관 지정장소,납품장소 하차도,"KS, 여성기업제품, 소상공인",N,Y,20260319~20290318,20260322
주식회사 아텍,전남광주통합특별시 순천시,중소기업,파형강관,파형강관,"파형강관, 아텍, PS-HN-1160-0150, Φ150×1.6mm, 0RS, PE단면피복",21066712,16830,m,전지역(도서지역 제외),30,수요기관 지정장소,납품장소 하차도,"KS, 장애인기업제품, G-PASS기업, 소기업, 인적자원개발 우수기업, G-PASS기업(B등급)",N,Y,20250613~20250614,20250613
주식회사 아텍,전남광주통합특별시 순천시,중소기업,파형강관,파형강관,"파형강관, 아텍, iPS-HN-2271-0600, Φ600×t2.7mm, 1RS, 내부평활/PE양면피복",22439716,287890,m,전지역(도서지역 제외),30,수요기관 지정장소,납품장소 하차도,"KS, 장애인기업제품, G-PASS기업, 소기업, 인적자원개발 우수기업, G-PASS기업(B등급)",N,Y,20250613~20250614,20250613
주식회사 아텍,전남광주통합특별시 순천시,중소기업,파형강관,파형강관,"파형강관, 아텍, iPS-HN-2323-2400, Φ2400×t3.2mm, 3RS, 내부평활/PE양면피복",22439771,1360280,m,전지역(제주 및 도서지역은 해상운임비 별도),30,각 수요기관 지정장소,납품장소 하차도,"KS, 장애인기업제품, G-PASS기업, 소기업, 인적자원개발 우수기업, G-PASS기업(B등급)",N,Y,20260512~20290318,20260512
주식회사 정우피앤씨(P&C),경기도 평택시,중소기업,파형강관,파형강관,"파형강관, 정우피앤씨(P&C), JWPnC-0150-160, Φ150×t1.6mm, 직관(0RS), 아연도금",23932403,15990,m,전지역(제주 및 도서지역은 해상운임비 별도),30,각 수요기관 지정장소,납품장소 하차도,"장애인기업제품, 소상공인",N,Y,20260319~20260506,20260322
주식회사 정우피앤씨(P&C),경기도 평택시,중소기업,파형강관,파형강관,"파형강관, 정우피앤씨(P&C), JWPnC-iPS-I-0600-271, Φ600×t2.7mm, 직관(1RS)/내부평활, PE내면피복",23932850,237390,m,전지역(제주 및 도서지역은 해상운임비 별도),30,각 수요기관 지정장소,납품장소 하차도,"KS, 장애인기업제품, 소상공인",N,Y,20260519~20260526,20260519
주식회사 정우피앤씨(P&C),경기도 평택시,중소기업,파형강관,파형강관,"파형강관, 정우피앤씨(P&C), JWPnC-iPS-D-2400-323, Φ2400×t3.2mm, 직관(3RS)/내부평활, PE양면피복",23932814,1360210,m,전지역(제주 및 도서지역은 해상운임비 별도),30,각 수요기관 지정장소,납품장소 하차도,"KS, 장애인기업제품, 소상공인",N,Y,20260506~20260519,20260506
주식회사 제철산업,경상남도 진주시,중소기업,파형강관,파형강관,"파형강관, 제철산업, JC30-0150, Φ150×1.6mm, 0RS, PE내면피복",21177600,14010,m,전지역(도서지역 제외),30,각 수요기관 지정장소,납품장소 하차도,"KS, 장애인기업제품, G-PASS기업, 소상공인, 인적자원개발 우수기업, G-PASS기업(B등급)",N,Y,20260413~20260427,20260413
주식회사 제철산업,경상남도 진주시,중소기업,파형강관,파형강관,"파형강관, 제철산업, 03-1200, Φ1200×t2.7mm, 1RS, 아연도금",20853339,210300,m,전지역(제주 및 도서지역은 해상운임비 별도),30,수요기관 지정장소,납품장소 하차도,"KS, 장애인기업제품, G-PASS기업, 소상공인, 인적자원개발 우수기업, G-PASS기업(B등급)",N,Y,20250722~20250804,20250722
주식회사 제철산업,경상남도 진주시,중소기업,파형강관,파형강관,"파형강관, 제철산업, JC-IPS-D-2400-323, Φ2400×t3.2mm, 직관(3RS)/내부평활, PE양면피복",24623195,1259380,m,전지역(도서지역 제외),30,수요기관 지정장소,납품장소 하차도,"KS, 장애인기업제품, G-PASS기업, 소상공인, 인적자원개발 우수기업, G-PASS기업(B등급)",N,Y,20251022~20251229,20251022
주식회사 중원,경상남도 김해시,중소기업,파형강관,파형강관,"파형강관, 중원, PS-I-0150-016, Φ150×t1.6mm, 직관(0RS), PE내면피복",20559494,15670,m,전지역(도서지역 제외),30,수요기관 지정장소,납품장소 하차도,"KS, G-PASS기업, 소기업, 인적자원개발 우수기업, G-PASS기업(B등급)",N,Y,20241016~20250107,20241016
주식회사 중원,경상남도 김해시,중소기업,파형강관,파형강관,"파형강관, 중원, 06-1100, Φ1100×t2.7mm, 3RS, 아연도금",20853228,241860,m,전지역(도서지역 제외),30,각 수욕기관 지정장소,납품장소 하차도,"KS, G-PASS기업, 소기업, 인적자원개발 우수기업, G-PASS기업(B등급)",N,Y,20260403~20260518,20260403
주식회사 중원,경상남도 김해시,중소기업,파형강관,파형강관,"파형강관, 중원, CF-2-IP-D-3200-323, Φ3200×t3.2mm, 직관(3RS)/내부평활/플랜지형, PE양면피복",24376463,2250560,m,전지역(제주 및 도서산간지역 운임비 별도),30,수요기관 지정장소,납품장소 하차도,"우수조달물품, G-PASS기업, 소기업, 인적자원개발 우수기업, G-PASS기업(B등급)",Y,N,20250818~20271212,20250818
주식회사 태영피앤엑스,경상북도 칠곡군,중소기업,파형강관,파형강관,"파형강관, 태영피앤엑스, TYP0-1516-PE201, Φ150×t1.6mm, 0RS, PE내면피복",23438947,17370,m,전지역(제주 및 도서지역은 해상운임비 별도),30,수요기관 지정장소,납품장소 하차도,"KS, 여성기업제품, 소기업",N,Y,20240820~20241114,20240820
주식회사 태영피앤엑스,경상북도 칠곡군,중소기업,파형강관,파형강관,"파형강관, 태영피앤엑스, TYP1-7020-PE202, Φ700×t2.0mm, 1RS, PE양면피복",23142223,143370,m,전지역(제주 및 도서지역은 해상운임비 별도),30,수요기관 지정장소,납품장소 하차도,"KS, 여성기업제품, 소기업",N,Y,20240820~20241114,20240820
주식회사 태영피앤엑스,경상북도 칠곡군,중소기업,파형강관,파형강관,"파형강관, 태영피앤엑스, TYP3-24032, Φ2400×t3.2mm, 3RS, 아연도금",23471938,688480,m,전지역(제주 및 도서지역은 해상운임비 별도),30,각 수요기관 지정장소,납품장소 하차도,"KS, 여성기업제품, 소기업",N,Y,20260710~20290316,20260710
주식회사성훈테크,경상남도 거창군,중소기업,파형강관,파형강관,"파형강관, 성훈테크, SH-PCO01, Φ150×t1.6mm, 0RS, PE양면피복",22753926,15260,m,전지역(제주 및 도서지역은 해상운임비 별도),30,수요기관 지정장소,납품장소 하차도,"KS, 장애인기업제품, 소기업",N,Y,20241023~20250320,20241023
주식회사성훈테크,경상남도 거창군,중소기업,파형강관,파형강관,"파형강관, 성훈테크, SH-P53, Φ1200×t2.0mm, 3RS, 아연도금",22753782,180760,m,전지역(제주 및 도서지역은 해상운임비 별도),30,수요기관 지정장소,납품장소 하차도,"KS, 장애인기업제품, 소기업",N,Y,20241023~20250320,20241023
주식회사성훈테크,경상남도 거창군,중소기업,파형강관,파형강관,"파형강관, 성훈테크, SH-PCO73, Φ2400×t3.2mm, 3RS, PE양면피복",22753999,861910,m,전지역(제주 및 도서지역은 해상운임비 별도),30,각 수요기관 지정장소,납품장소 하차도,"KS, 장애인기업제품, 소기업",N,Y,20260321~20290320,20260322
주식회사천일공조,경상북도 성주군,중소기업,파형강관,파형강관,"파형강관, 천일공조, CI-0RS-150, Φ150×t1.6mm, 직관(0RS), 아연도금",23714977,15990,m,전지역(제주 및 도서지역은 해상운임비 별도),30,수요기관 지정장소,납품장소 하차도,"소기업, 가족친화인증기업",N,Y,20260521~20290520,20260521
주식회사천일공조,경상북도 성주군,중소기업,파형강관,파형강관,"파형강관, 천일공조, CI-0RS-U300, Φ300×t1.6mm, 유공관(0RS), 아연도금",23714983,37660,m,전지역(제주 및 도서지역은 해상운임비 별도),30,수요기관 지정장소,납품장소 하차도,"소기업, 가족친화인증기업",N,Y,20260521~20290520,20260521
주식회사천일공조,경상북도 성주군,중소기업,파형강관,파형강관,"파형강관, 천일공조, CI-0RS-U600, Φ600×t1.6mm, 유공관(0RS), 아연도금",23714988,75390,m,전지역(제주 및 도서지역은 해상운임비 별도),30,수요기관 지정장소,납품장소 하차도,"소기업, 가족친화인증기업",N,Y,20260521~20290520,20260521
현대메탈(주),충청북도 음성군,중소기업,파형강관,파형강관,"파형강관, 현대메탈, HM-002, Φ200×t1.6mm, 0RS, 아연도금",21885041,20790,m,전지역,30,수요기관 지정장소,납품장소 하차도,"KS, 여성기업제품, 소기업",N,Y,20250304~20250613,20250304
현대메탈(주),충청북도 음성군,중소기업,파형강관,파형강관,"파형강관, 현대메탈, P-SCP-028, Φ1000×t2.7mm, 1RS, PE양면피복",21884905,207300,m,전지역,30,수요기관 지정장소,납품장소 하차도,"KS, 여성기업제품, 소기업",N,Y,20250612~20251231,20250613
현대메탈(주),충청북도 음성군,중소기업,파형강관,파형강관,"파형강관, 현대메탈, P-SCP-064, Φ2000×t3.2mm, 3RS, PE양면피복",21884941,736760,m,전지역(제주 및 도서산간지역 운임비 별도),30,수요기관 지정장소,납품장소 하차도,"KS, 여성기업제품, 소기업",N,Y,20260330~20290329,20260330
(주)다은,충청북도 진천군,중소기업,파형강관이음관,파형강관이음관,"파형강관이음관, 다은, DE-S200, (부품)슬리브, Φ200mm, 아연도금",23455155,4300,개,"전지역(제주,도서지역 제외)",30,수요기관 지정장소,납품장소 하차도,"KS, 장애인기업제품, 소상공인",N,Y,20250213~20250609,20250213
(주)다은,충청북도 진천군,중소기업,파형강관이음관,파형강관이음관,"파형강관이음관, 다은, PT300, 접속티, Φ300mm, PE양면피복",21202501,71560,개,"전지역(제주,도서지역 제외)",30,각 수요기관 지정장소,납품장소 하차도,"KS, 장애인기업제품, 소상공인",N,Y,20260316~20290315,20260322
(주)다은,충청북도 진천군,중소기업,파형강관이음관,파형강관이음관,"파형강관이음관, 다은, PT2000, 접속티, Φ2000mm, PE양면피복",21202517,1047200,개,"전지역(제주,도서지역 제외)",30,각 수요기관 지정장소,납품장소 하차도,"KS, 장애인기업제품, 소상공인",N,Y,20260316~20290315,20260322
(주)대양씨에스피,강원특별자치도 영월군,중소기업,파형강관이음관,파형강관이음관,"파형강관이음관, 대양씨에스피, DY0200, (부품)커플링밴드, Φ200mm, 아연도금",21170606,6590,개,"전지역(제주,도서지역 제외)",30,수요기관 지정장소,납품장소 하차도,"KS, 소기업",N,Y,20241107~20241120,20241107
(주)대양씨에스피,강원특별자치도 영월군,중소기업,파형강관이음관,파형강관이음관,"파형강관이음관, 대양씨에스피, DY0900, (부품)커플링밴드, Φ900mm",20991861,33790,개,"전지역(제주,도서지역 제외)",30,수요기관 지정장소,납품장소 하차도,"KS, 소기업",N,Y,20260112~20260116,20260112
(주)대양씨에스피,강원특별자치도 영월군,중소기업,파형강관이음관,파형강관이음관,"파형강관이음관, 대양씨에스피, DPC2400, (부품)커플링밴드, Φ2400mm, PE양면피복",21091291,139840,개,전지역(제주제외),30,각 수요기관 지정장소,납품장소 하차도,"KS, 소기업",N,Y,20260622~20290321,20260622
(주)서해금속산업,전남광주통합특별시 담양군,중소기업,파형강관이음관,파형강관이음관,"파형강관이음관, 서해금속산업, (부품)커플링밴드, Φ150mm, 아연도금",20975651,4910,개,전지역(제주 및 도서지역은 해상운임비 별도),30,수요기관 지정장소,납품장소 하차도,"KS, 소상공인",N,Y,20241231~20250607,20241231
(주)서해금속산업,전남광주통합특별시 담양군,중소기업,파형강관이음관,파형강관이음관,"파형강관이음관, 서해금속산업, SH-PCS2T-70, 접속티, Φ700mm, PE내면피복",21167359,116160,개,전지역(제주 및 도서지역은 해상운임비 별도),30,각 수요기관 지정장소,납품장소 하차도,"KS, 소상공인",N,Y,20260316~20290315,20260322
(주)서해금속산업,전남광주통합특별시 담양군,중소기업,파형강관이음관,파형강관이음관,"파형강관이음관, 서해금속산업, SH-PDS1T-1800, 접속티, Φ1800mm, 내부평활/PE양면피복",21850569,2100000,개,전지역(제주 및 도서지역은 해상운임비 별도),30,각 수요기관 지정장소,납품장소 하차도,"KS, 소상공인",N,Y,20260316~20290315,20260322
(주)성호철관,전북특별자치도 익산시,중소기업,파형강관이음관,파형강관이음관,"파형강관이음관, 성호철관, SEONGHO-76, (부품)커플링밴드, Φ300mm, 아연도금",21020950,7260,개,전지역,30,수요기관 지정장소,납품장소 하차도,"KS, 소기업",N,Y,20250121~20250623,20250121
(주)성호철관,전북특별자치도 익산시,중소기업,파형강관이음관,파형강관이음관,"파형강관이음관, 성호철관, SEONGHO-83, (부품)커플링밴드, Φ800mm, 아연도금",21020957,19140,개,전지역,30,수요기관 지정장소,납품장소 하차도,"KS, 소기업",N,Y,20250121~20250623,20250121
(주)성호철관,전북특별자치도 익산시,중소기업,파형강관이음관,파형강관이음관,"파형강관이음관, 성호철관, SEONGHO-90, (부품)커플링밴드, Φ1650mm, 아연도금",21020964,44840,개,전지역,30,각 수요기관 지정장소,납품장소 하차도,"KS, 소기업",N,Y,20260430~20290319,20260430
(주)월드케미칼,강원특별자치도 춘천시,중소기업,파형강관이음관,파형강관이음관,"파형강관이음관, 월드케미칼, WC-CB-150, (부품)커플링밴드, Φ150mm, 아연도금",26144243,4400,개,전지역(제주 및 도서지역은 해상운임비 별도),30,수요기관 지정장소,납품장소 하차도,"KS, G-PASS기업, 소기업, 인적자원개발 우수기업, 가족친화인증기업, G-PASS기업(B등급)",N,Y,20260420~20290419,20260420
(주)월드케미칼,강원특별자치도 춘천시,중소기업,파형강관이음관,파형강관이음관,"파형강관이음관, 월드케미칼, WC-CB-700, (부품)커플링밴드, Φ700mm, 아연도금",26144252,20370,개,전지역(제주 및 도서지역은 해상운임비 별도),30,수요기관 지정장소,납품장소 하차도,"KS, G-PASS기업, 소기업, 인적자원개발 우수기업, 가족친화인증기업, G-PASS기업(B등급)",N,Y,20260420~20290419,20260420
(주)월드케미칼,강원특별자치도 춘천시,중소기업,파형강관이음관,파형강관이음관,"파형강관이음관, 월드케미칼, WC-CB-1800, (부품)커플링밴드, Φ1800mm, 아연도금",26144261,67130,개,전지역(제주 및 도서지역은 해상운임비 별도),30,수요기관 지정장소,납품장소 하차도,"KS, G-PASS기업, 소기업, 인적자원개발 우수기업, 가족친화인증기업, G-PASS기업(B등급)",N,Y,20260420~20290419,20260420
(주)이진테크,충청남도 예산군,중소기업,파형강관이음관,파형강관이음관,"파형강관이음관, 이진테크, CH-C150, (부품)커플링밴드, Φ150mm, 아연도금",22762127,4800,개,전지역,30,수요기관 지정장소,납품장소 하차도,"KS, 창업기업제품, 소상공인",N,Y,20250307~20250513,20250311
(주)이진테크,충청남도 예산군,중소기업,파형강관이음관,파형강관이음관,"파형강관이음관, 이진테크, 500T-a, 접속티, Φ500mm, 아연도금",22763671,90600,개,전지역,30,수요기관 지정장소,납품장소 하차도,"KS, 창업기업제품, 소상공인",N,Y,20250908~20250911,20250908
(주)이진테크,충청남도 예산군,중소기업,파형강관이음관,파형강관이음관,"파형강관이음관, 이진테크, 1800T-b, 접속티, Φ1800mm, 세라믹단면피복",22763699,753600,개,전지역(제주 및 도서산간지역 운임시공비 추가),30,각 수요기관 지정장소,납품장소 하차도,"KS, 창업기업제품, 소상공인",N,Y,20260322~20290321,20260322
(주)청화금속,경기도 안성시,중소기업,파형강관이음관,파형강관이음관,"파형강관이음관, 청화금속, CH-C-150, (부품)커플링밴드, Φ150mm, 아연도금",21470397,4000,개,전지역(도서지역 제외),30,수요기관 지정장소,납품장소 하차도,"KS, 소상공인",N,Y,20241230~20250305,20241230
(주)청화금속,경기도 안성시,중소기업,파형강관이음관,파형강관이음관,"파형강관이음관, 청화금속, CH-T-600, 접속티, Φ600mm, 아연도금",21470355,73920,개,전지역(도서지역 제외),30,수요기관 지정장소,납품장소 하차도,"KS, 소상공인",N,Y,20251204~20260108,20251204
(주)청화금속,경기도 안성시,중소기업,파형강관이음관,파형강관이음관,"파형강관이음관, 청화금속, CH-T-1800, 접속티, Φ1800mm, PE양면피복",21229900,991600,개,전지역(도서지역 제외),30,수요기관 지정장소,납품장소 하차도,"KS, 소상공인",N,Y,20260703~20290317,20260703
(주)픽슨,전남광주통합특별시 광양시,중소기업,파형강관이음관,파형강관이음관,"파형강관이음관, 픽슨, FXBS-150, (부품)슬리브, Φ150mm, 아연도금",23449692,5060,개,전지역(제주 및 도서지역은 해상운임비 별도),30,수요기관 지정장소,납품장소 하차도,"G-PASS기업, G-PASS기업(A등급)",N,Y,20250607~20250702,20250607
(주)픽슨,전남광주통합특별시 광양시,중소기업,파형강관이음관,파형강관이음관,"파형강관이음관, 픽슨, FX-C1800-PL302, (부품)커플링밴드, Φ1800mm, PE양면피복",20378920,106520,개,전지역(제주 및 도서지역은 해상운임비 별도),30,수요기관 지정장소,납품장소 하차도,"G-PASS기업, G-PASS기업(A등급)",N,Y,20250702~20260322,20250702
(주)픽슨,전남광주통합특별시 광양시,중소기업,파형강관이음관,파형강관이음관,"파형강관이음관, 픽슨, FX-HPL2-T240, 접속티, Φ2400mm, 복합PE양면피복",25165335,5150660,EA,전지역(제주 및 도서산간지역 운임비 별도),30,수요기관 지정장소,납품장소 하차도,"우수조달물품, G-PASS기업, G-PASS기업(A등급)",Y,N,20260120~20281019,20260120
(주)픽슨이앤씨,전북특별자치도 남원시,중소기업,파형강관이음관,파형강관이음관,"파형강관이음관, 픽슨이앤씨, ENC-C150, (부품)커플링밴드, Φ150mm, 아연도금",22365980,5920,개,전지역(제주 및 도서지역은 해상운임비 별도),30,수요기관 지정장소,납품장소 하차도,소기업,N,Y,20260316~20290315,20260322
(주)픽슨이앤씨,전북특별자치도 남원시,중소기업,파형강관이음관,파형강관이음관,"파형강관이음관, 픽슨이앤씨, HCR302-T600, 접속티, Φ600mm, 나선형리브/PE양면피복",23248428,192280,개,전지역(제주 및 도서지역은 해상운임비 별도),30,수요기관 지정장소,납품장소 하차도,,N,N,20250620~20251027,20250620
(주)픽슨이앤씨,전북특별자치도 남원시,중소기업,파형강관이음관,파형강관이음관,"파형강관이음관, 픽슨이앤씨, HCR302-L2400, 45°엘보, Φ2400mm, 나선형리브/PE양면피복",23248419,2726170,개,전지역(제주 및 도서지역은 해상운임비 별도),30,수요기관 지정장소,납품장소 하차도,,N,N,20251027~20251107,20251027
금성씨.에스.피주식회사,충청남도 아산시,중소기업,파형강관이음관,파형강관이음관,"파형강관이음관, 금성CSP, KS-C300, (부품)커플링밴드, Φ300mm, 아연도금",21619075,8000,개,전지역(제주 및 도서산간지역 운임비 별도),30,수요기관 지정장소,납품장소 하차도,소상공인,N,Y,20250307~20250328,20250307
금성씨.에스.피주식회사,충청남도 아산시,중소기업,파형강관이음관,파형강관이음관,"파형강관이음관, 금성CSP, KS-C800-CSP302, (부품)커플링밴드, Φ800mm, PE양면피복",21625291,35650,개,전지역(제주 및 도서산간지역 운임비 별도),30,수요기관 지정장소,납품장소 하차도,소상공인,N,Y,20250307~20250328,20250307
금성씨.에스.피주식회사,충청남도 아산시,중소기업,파형강관이음관,파형강관이음관,"파형강관이음관, 금성CSP, KS-C1800-CSP302, (부품)커플링밴드, Φ1800mm, PE양면피복",21625299,96820,개,전지역(제주 및 도서지역은 해상운임비 별도),30,각 수욕기관 지정장소,납품장소 하차도,소상공인,N,Y,20260526~20290317,20260526
남강철강 주식회사,경상남도 진주시,중소기업,파형강관이음관,파형강관이음관,"파형강관이음관, 남강철강, hm-1-150, (부품)커플링밴드, Φ150mm, 아연도금",24976786,3870,개,전지역(제주 및 도서지역은 해상운임비 별도),30,수요기관 지정장소,납품장소 하차도,"장애인기업제품, 창업기업제품",N,Y,20250430~20250607,20250430
남강철강 주식회사,경상남도 진주시,중소기업,파형강관이음관,파형강관이음관,"파형강관이음관, 남강철강, hm-31-600, 접속티, Φ600mm, PE양면피복",24976838,130903,개,전지역(제주 및 도서지역은 해상운임비 별도),30,수요기관 지정장소,납품장소 하차도,"장애인기업제품, 창업기업제품",N,Y,20250214~20250326,20250214
남강철강 주식회사,경상남도 진주시,중소기업,파형강관이음관,파형강관이음관,"파형강관이음관, 남강철강, hm-35-2400, 내부평활형접속티, Φ2400mm, PE양면피복",24976889,2067691,개,전지역(제주 및 도서지역은 해상운임비 별도),30,수요기관 지정장소,납품장소 하차도,"장애인기업제품, 창업기업제품",N,Y,20250418~20250430,20250418
대왕철강 주식회사,경상남도 하동군,중소기업,파형강관이음관,파형강관이음관,"파형강관이음관, 대왕철강, (부품)커플링밴드, Φ150mm, 아연도금",20931160,4800,개,전지역(도서지역 운임비 별도),30,수요기관 지정장소,납품장소 하차도,"KS, 사회적기업제품, G-PASS기업, 소기업, G-PASS기업(B등급)",N,Y,20250407~20250425,20250407
대왕철강 주식회사,경상남도 하동군,중소기업,파형강관이음관,파형강관이음관,"파형강관이음관, 대왕철강, (부품)커플링밴드, Φ1800mm, 아연도금",20931178,102030,개,전지역(제주 및 도서지역은 해상운임비 별도),30,수요기관 지정장소,납품장소 하차도,"KS, 사회적기업제품, G-PASS기업, 소기업, G-PASS기업(B등급)",N,Y,20260421~20260519,20260421
대왕철강 주식회사,경상남도 하동군,중소기업,파형강관이음관,파형강관이음관,"파형강관이음관, 대왕철강, DWPE-149, 접속티, Φ2000mm, PE양면코팅아연도금",21011066,1519230,개,전지역(제주 및 도서지역은 해상운임비 별도),30,수요기관 지정장소,납품장소 하차도,"KS, 사회적기업제품, G-PASS기업, 소기업, G-PASS기업(B등급)",N,Y,20260519~20290420,20260519
대한강관 주식회사,경상남도 함안군,중소기업,파형강관이음관,파형강관이음관,"파형강관이음관, 대한강관, NPED-S-0150, (부품)슬리브, Φ150mm, PE+PP양면피복",24339429,3740,개,전지역(제주 및 도서산간지역 운임비 별도),30,수요기관 지정장소,납품장소 하차도,"KS, 우수조달물품, 장애인기업제품, G-PASS기업, 소기업, 가족친화인증기업, G-PASS기업(B등급)",Y,N,20250114~20260225,20250114
대한강관 주식회사,경상남도 함안군,중소기업,파형강관이음관,파형강관이음관,"파형강관이음관, 대한강관, DHCPE-13-0700, 접속티, Φ700mm, PE내면피복",21113385,104120,개,전지역(도서지역 제외),30,수요기관 지정장소,납품장소 하차도,"KS, 장애인기업제품, G-PASS기업, 소기업, 가족친화인증기업, G-PASS기업(B등급)",N,Y,20260420~20260526,20260420
대한강관 주식회사,경상남도 함안군,중소기업,파형강관이음관,파형강관이음관,"파형강관이음관, 대한강관, DHiPS-2-T-2400, 내부평활형접속티, Φ2400mm, PE양면피복",24592260,2247490,개,전지역(도서지역 제외),30,수요기관지정장소,납품장소 하차도,"KS, 장애인기업제품, 소기업, 가족친화인증기업",N,Y,20250328~20250404,20250328
동양파이프（주）,전북특별자치도 정읍시,중소기업,파형강관이음관,파형강관이음관,"파형강관이음관, 동양파이프, dyp05-0300, (부품)커플링밴드, Φ0300mm",20971776,9270,개,전지역(제주 및 도서산간지역 운임비 별도),30,수요기관 지정장소,납품장소 하차도,소상공인,N,Y,20240814~20240816,20240814
동양파이프（주）,전북특별자치도 정읍시,중소기업,파형강관이음관,파형강관이음관,"파형강관이음관, 동양파이프, dyp21-1500, (부품)커플링밴드, Φ1500mm, PE양면피복",21222976,134690,개,전지역(제주 및 도서산간지역 운임비 별도),30,수요기관 지정장소,납품장소 하차도,소상공인,N,Y,20250213~20250217,20250213
동양파이프（주）,전북특별자치도 정읍시,중소기업,파형강관이음관,파형강관이음관,"파형강관이음관, 동양파이프, dyp23-1800, 접속티, Φ1800mm, PE양면피복",21223010,1537440,개,전지역(제주 및 도서지역은 해상운임비 별도),30,각 수요기관 지정장소,납품장소 하차도,소상공인,N,Y,20260806~20290318,20260806
동원철강(주),전남광주통합특별시 보성군,중소기업,파형강관이음관,파형강관이음관,"파형강관이음관, 동원철강, dwb-0150, (부품)커플링밴드, Φ150mm",20976361,5900,개,전지역(제주 및 도서산간지역 운임비 별도),30,수요기관 지정장소,납품장소 하차도,소상공인,N,Y,20250616~20251218,20250616
동원철강(주),전남광주통합특별시 보성군,중소기업,파형강관이음관,파형강관이음관,"파형강관이음관, 동원철강, PD-1RS-1350(S-2), (부품)커플링밴드, Φ1350mm",20802245,101680,개,전지역(제주 및 도서산간지역 운임비 별도),30,수요기관 지정장소,납품장소 하차도,소상공인,N,Y,20251218~20260322,20251218
동원철강(주),전남광주통합특별시 보성군,중소기업,파형강관이음관,파형강관이음관,"파형강관이음관, 동원철강, PD-1RS-1800, 접속티, Φ1800mm, PE양면피복",20802188,1529780,개,전지역(제주 및 도서지역은 해상운임비 별도),30,각 수요기관 지정장소,납품장소 하차도,소상공인,N,Y,20260319~20290318,20260322
신한스틸파이프주식회사,경상북도 성주군,중소기업,파형강관이음관,파형강관이음관,"파형강관이음관, 신한스틸파이프, SHCSP-09-0150, (부품)커플링밴드, Φ150mm, 아연도금",21280972,4400,개,전지역(도서지역 제외),30,수요기관 지정장소,납품장소 하차도,"KS, 장애인기업제품, G-PASS기업, 소기업, 인적자원개발 우수기업, 가족친화인증기업, G-PASS기업(B등급)",N,Y,20241230~20250609,20241230
신한스틸파이프주식회사,경상북도 성주군,중소기업,파형강관이음관,파형강관이음관,"파형강관이음관, 신한스틸파이프, SHCSP-09-2200, (부품)커플링밴드, Φ2200mm, 아연도금",21280992,73800,개,전지역(도서지역 제외),30,수요기관 지정장소,납품장소 하차도,"KS, 장애인기업제품, G-PASS기업, 소기업, 인적자원개발 우수기업, 가족친화인증기업, G-PASS기업(B등급)",N,Y,20260428~20260529,20260428
신한스틸파이프주식회사,경상북도 성주군,중소기업,파형강관이음관,파형강관이음관,"파형강관이음관, 신한스틸파이프, SH-HB-2200, (부품)헬리컬밴드, Φ2200mm, PE양면피복",23999036,1402200,개,전지역(도서지역 제외),30,수요기관 지정장소,납품장소 하차도,"KS, 장애인기업제품, G-PASS기업, 소기업, 인적자원개발 우수기업, 가족친화인증기업, G-PASS기업(B등급)",N,Y,20260320~20260406,20260322
영남산업 주식회사,경상북도 경주시,중소기업,파형강관이음관,파형강관이음관,"파형강관이음관, 영남산업, yn-055, (부품)커플링밴드, Ф150mm",20979371,3850,개,전지역(제주 및 도서지역은 해상운임비 별도),30,각 수요기관 지정장소,납품장소 하차도,"KS, 사회적기업제품, G-PASS기업, 소기업, 인적자원개발 우수기업, 가족친화인증기업, G-PASS기업(B등급)",N,Y,20260319~20260427,20260322
영남산업 주식회사,경상북도 경주시,중소기업,파형강관이음관,파형강관이음관,"파형강관이음관, 영남산업, YN-IPS-T2-500, 내부평활형접속티, Φ500mm, PE양면피복",24856974,248070,개,전지역(제주 및 도서지역은 해상운임비 별도),30,수요기관 지정장소,납품장소 하차도,"KS, 사회적기업제품, G-PASS기업, 소기업, 인적자원개발 우수기업, 가족친화인증기업, G-PASS기업(B등급)",N,Y,20250313~20250331,20250313
영남산업 주식회사,경상북도 경주시,중소기업,파형강관이음관,파형강관이음관,"파형강관이음관, 영남산업, CVPE3-EL2-2400, 내부평활형90˚엘보, Φ2400mm, PE양면피복",25378121,4603330,개,전지역(제주 및 도서지역은 해상운임비 별도),30,수요기관 지정장소,납품장소차상도,"사회적기업제품, G-PASS기업, 소기업, 인적자원개발 우수기업, 혁신제품, 가족친화인증기업, G-PASS기업(B등급)",N,N,20251224~20261225,20251224
주식회사 거양,경상북도 포항시 북구,중소기업,파형강관이음관,파형강관이음관,"파형강관이음관, 거양, KY-90015-54, (부품)커플링밴드, Φ150mm, 아연도금",20931442,4400,개,전지역(제주 및 도서지역은 해상운임비 별도),30,수요기관 지정장소,납품장소 하차도,KS,N,Y,20250120~20250613,20250120
주식회사 거양,경상북도 포항시 북구,중소기업,파형강관이음관,파형강관이음관,"파형강관이음관, 거양, KY-G1035-81, 접속티, Φ350mm, PE내면피복",23215219,109430,개,전지역(제주 및 도서지역은 해상운임비 별도),30,수요기관 지정장소,납품장소 하차도,KS,N,Y,20250120~20250613,20250120
주식회사 거양,경상북도 포항시 북구,중소기업,파형강관이음관,파형강관이음관,"파형강관이음관, 거양, KY-H1150-81, 접속티, Φ1500mm, PE양면피복",23215250,1042530,개,전지역(제주 및 도서지역은 해상운임비 별도),30,각 수요기관 지정장소,납품장소 하차도,KS,N,Y,20260730~20290318,20260730
주식회사 대양,경상북도 의성군,중소기업,파형강관이음관,파형강관이음관,"파형강관이음관, 대양, US0250, (부품)커플링밴드, Φ250mm, 아연도금",22943780,5990,개,전지역(제주를제외한도서지역제외),30,수요기관 지정장소,납품장소 하차도,,N,Y,20240930~20241024,20240930
주식회사 대양,경상북도 의성군,중소기업,파형강관이음관,파형강관이음관,"파형강관이음관, 대양, USPT0400A, 접속티, Φ400mm, PE내면피복",22943958,72600,개,전지역(제주를제외한도서지역제외),30,수요기관 지정장소,납품장소 하차도,"KS, 소상공인",N,Y,20250613~20251223,20250613
주식회사 대양,경상북도 의성군,중소기업,파형강관이음관,파형강관이음관,"파형강관이음관, 대양, USPT1500B, 접속티, Φ1500mm, PE양면피복",22943985,552000,개,전지역(제주 및 도서산간지역 운임비 별도),30,각 수요기관 지정장소,납품장소 하차도,"KS, 소상공인",N,Y,20260513~20290325,20260513
주식회사 대정철강,경상북도 영천시,중소기업,파형강관이음관,파형강관이음관,"파형강관이음관, 대정철강, DJ-C01, (부품)커플링밴드, Φ150mm, 아연도금",23670319,4400,개,전지역(제주 및 도서지역은 해상운임비 별도),30,수요기관 지정장소,납품장소 하차도,"KS, 여성기업제품, 소상공인",N,Y,20241017~20241224,20241017
주식회사 대정철강,경상북도 영천시,중소기업,파형강관이음관,파형강관이음관,"파형강관이음관, 대정철강, DJ-T08, 접속티, Φ500mm, 아연도금",23670521,84080,개,전지역(제주 및 도서지역은 해상운임비 별도),30,수요기관 지정장소,납품장소 하차도,"KS, 여성기업제품, 소상공인",N,Y,20241017~20241224,20241017
주식회사 대정철강,경상북도 영천시,중소기업,파형강관이음관,파형강관이음관,"파형강관이음관, 대정철강, DJ-TCO22, 접속티, Φ2400mm, 양면피복",23670624,1307700,개,전지역(제주 및 도서지역은 해상운임비 별도),30,각 수요기관 지정장소,납품장소 하차도,"KS, 여성기업제품, 소상공인",N,Y,20260319~20290318,20260322
주식회사 아텍,전남광주통합특별시 순천시,중소기업,파형강관이음관,파형강관이음관,"파형강관이음관, 아텍, CSP-SB-ATECH-0150, (부품)슬리브, Φ150mm, 아연도금",26095147,4000,개,전지역(제주 및 도서지역은 해상운임비 별도),30,각 수요기관 지정장소,납품장소 하차도,"KS, 장애인기업제품, G-PASS기업, 소기업, 인적자원개발 우수기업, G-PASS기업(B등급)",N,Y,20260319~20260512,20260322
주식회사 아텍,전남광주통합특별시 순천시,중소기업,파형강관이음관,파형강관이음관,"파형강관이음관, 아텍, PS-HN-CB-2400, (부품)커플링밴드, Φ2400mm",21066808,196910,개,전지역(도서지역 제외),30,수요기관 지정장소,납품장소 하차도,"KS, 장애인기업제품, G-PASS기업, 소기업, 인적자원개발 우수기업, G-PASS기업(B등급)",N,Y,20250617~20260322,20250617
주식회사 아텍,전남광주통합특별시 순천시,중소기업,파형강관이음관,파형강관이음관,"파형강관이음관, 아텍, iPS-HN-2T-2400, 접속티, Φ2400mm, 내부평활/PE양면피복",22439595,3146500,개,전지역(제주 및 도서지역은 해상운임비 별도),30,각 수요기관 지정장소,납품장소 하차도,"KS, 장애인기업제품, G-PASS기업, 소기업, 인적자원개발 우수기업, G-PASS기업(B등급)",N,Y,20260512~20290318,20260512
주식회사 정우피앤씨(P&C),경기도 평택시,중소기업,파형강관이음관,파형강관이음관,"파형강관이음관, 정우피앤씨, JWPnC-SB-0150, (부품)슬리브, Φ150mm, 아연도금",26095113,4000,개,전지역(제주 및 도서지역은 해상운임비 별도),30,각 수요기관 지정장소,납품장소 하차도,"KS, 장애인기업제품, 소상공인",N,Y,20260319~20260506,20260322
주식회사 정우피앤씨(P&C),경기도 평택시,중소기업,파형강관이음관,파형강관이음관,"파형강관이음관, 정우피앤씨(P&C), JWPnC-CB-2200, (부품)커플링밴드, Φ2200mm, 아연도금",23931858,117640,개,전지역(제주 및 도서지역은 해상운임비 별도),30,수요기관 지정장소,납품장소 하차도,"KS, 장애인기업제품, 소상공인",N,Y,20251211~20260322,20251211
주식회사 정우피앤씨(P&C),경기도 평택시,중소기업,파형강관이음관,파형강관이음관,"파형강관이음관, 정우피앤씨(P&C), JWPnC-HB-D-2400, (부품)헬리컬밴드, Φ2400mm, 양면피복",23932035,2360000,개,전지역(제주 및 도서지역은 해상운임비 별도),30,각 수요기관 지정장소,납품장소 하차도,"KS, 장애인기업제품, 소상공인",N,Y,20260506~20260519,20260506
주식회사 제철산업,경상남도 진주시,중소기업,파형강관이음관,파형강관이음관,"파형강관이음관, 제철산업, CSP-SB-JC-150, (부품)슬리브, Φ150mm, 아연도금",25432344,3830,개,전지역(도서지역 제외),30,각 수요기관 지정장소,납품장소 하차도,"KS, 장애인기업제품, G-PASS기업, 소상공인, 인적자원개발 우수기업, G-PASS기업(B등급)",N,Y,20260612~20260703,20260612
주식회사 제철산업,경상남도 진주시,중소기업,파형강관이음관,파형강관이음관,"파형강관이음관, 제철산업, PS-HB-JC-0500, (부품)헬리컬밴드, Φ500mm, PE양면피복",22711922,73019,개,전지역(도서지역 제외),30,수요기관 지정장소,납품장소 하차도,"KS, 장애인기업제품, G-PASS기업, 소상공인, 인적자원개발 우수기업, G-PASS기업(B등급)",N,Y,20260108~20260114,20260108
주식회사 제철산업,경상남도 진주시,중소기업,파형강관이음관,파형강관이음관,"파형강관이음관, 제철산업, PS-HB-JC-2400, (부품)헬리컬밴드, Φ2400mm, PE양면피복",22711936,1999990,개,전지역(도서지역 제외),30,수요기관 지정장소,납품장소 하차도,"KS, 장애인기업제품, G-PASS기업, 소상공인, 인적자원개발 우수기업, G-PASS기업(B등급)",N,Y,20251022~20251229,20251022
주식회사 중원,경상남도 김해시,중소기업,파형강관이음관,파형강관이음관,"파형강관이음관, 중원, 09-0150, (부품)커플링밴드, Φ150mm, 아연도금",20853256,4000,개,전지역(도서지역 제외),30,수요기관 지정장소,납품장소 하차도,"KS, 인적자원개발 우수기업",N,Y,20241016~20250107,20241016
주식회사 중원,경상남도 김해시,중소기업,파형강관이음관,파형강관이음관,"파형강관이음관, 중원, 10-0700, 접속티, Φ700mm, 아연도금",20853287,91050,개,전지역(도서지역 제외),30,각 수욕기관 지정장소,납품장소 하차도,"KS, G-PASS기업, 소기업, 인적자원개발 우수기업, G-PASS기업(B등급)",N,Y,20260319~20260403,20260322
주식회사 중원,경상남도 김해시,중소기업,파형강관이음관,파형강관이음관,"파형강관이음관, 중원, PS-HB-2400, (부품)헬리컬밴드, Φ2400mm, PE양면피복",22711955,2000000,개,전지역(도서지역 제외),30,각 수욕기관 지정장소,납품장소 하차도,"KS, G-PASS기업, 소기업, 인적자원개발 우수기업, G-PASS기업(B등급)",N,Y,20260721~20290318,20260721
주식회사 태영피앤엑스,경상북도 칠곡군,중소기업,파형강관이음관,파형강관이음관,"파형강관이음관, 태영피앤엑스, TYP-S150, (부품)슬리브, Φ150mm, 아연도금",23514960,4400,개,전지역(제주 및 도서지역은 해상운임비 별도),30,수요기관 지정장소,납품장소 하차도,"KS, 여성기업제품, 소기업",N,Y,20240820~20241114,20240820
주식회사 태영피앤엑스,경상북도 칠곡군,중소기업,파형강관이음관,파형강관이음관,"파형강관이음관, 태영피앤엑스, TYP-C2400, (부품)커플링밴드, Φ2400mm, 아연도금",23502487,78400,개,전지역(제주 및 도서지역은 해상운임비 별도),30,수요기관 지정장소,납품장소 하차도,"KS, 여성기업제품, 소기업",N,Y,20250513~20250811,20250513
주식회사 태영피앤엑스,경상북도 칠곡군,중소기업,파형강관이음관,파형강관이음관,"파형강관이음관, 태영피앤엑스, TYP-T2400-PE201, 접속티, Φ2400mm, PE내면피복",23539841,775700,개,전지역(제주 및 도서지역은 해상운임비 별도),30,각 수요기관 지정장소,납품장소 하차도,"KS, 여성기업제품, 소기업",N,Y,20260710~20290316,20260710
주식회사성훈테크,경상남도 거창군,중소기업,파형강관이음관,파형강관이음관,"파형강관이음관, 성훈테크, SH-C01, (부품)커플링밴드, Φ150mm, 아연도금",22754055,3890,개,전지역(제주 및 도서지역은 해상운임비 별도),30,수요기관 지정장소,납품장소 하차도,"KS, 장애인기업제품, 소기업",N,Y,20241023~20250320,20241023
주식회사성훈테크,경상남도 거창군,중소기업,파형강관이음관,파형강관이음관,"파형강관이음관, 성훈테크, SH-TCO04, 접속티, Φ300mm, PE양면피복",22756101,82090,개,전지역(제주 및 도서지역은 해상운임비 별도),30,수요기관 지정장소,납품장소 하차도,"KS, 장애인기업제품, 소기업",N,Y,20241023~20250320,20241023
주식회사성훈테크,경상남도 거창군,중소기업,파형강관이음관,파형강관이음관,"파형강관이음관, 성훈테크, SH-TCO22, 접속티, Φ2400mm, PE양면피복",22756119,1217090,개,전지역(제주 및 도서지역은 해상운임비 별도),30,각 수요기관 지정장소,납품장소 하차도,"KS, 장애인기업제품, 소기업",N,Y,20260321~20290320,20260322
주식회사천일공조,경상북도 성주군,중소기업,파형강관이음관,파형강관이음관,"파형강관이음관, 천일공조, CI-S-150, (부품)슬리브, Φ150mm, 아연도금",23939567,4000,개,전지역(제주 및 도서지역은 해상운임비 별도),30,수요기관 지정장소,납품장소 하차도,"소기업, 가족친화인증기업",N,Y,20260521~20290520,20260521
주식회사천일공조,경상북도 성주군,중소기업,파형강관이음관,파형강관이음관,"파형강관이음관, 천일공조, CI-T-200, 접속티, Φ200mm, 아연도금",23951220,24000,개,전지역(제주 및 도서지역은 해상운임비 별도),30,수요기관 지정장소,납품장소 하차도,"소기업, 가족친화인증기업",N,Y,20260521~20290520,20260521
주식회사천일공조,경상북도 성주군,중소기업,파형강관이음관,파형강관이음관,"파형강관이음관, 천일공조, CI-T-400, 접속티, Φ400mm, 아연도금",23951224,71000,개,전지역(제주 및 도서지역은 해상운임비 별도),30,수요기관 지정장소,납품장소 하차도,"소기업, 가족친화인증기업",N,Y,20260521~20290520,20260521
현대메탈(주),충청북도 음성군,중소기업,파형강관이음관,파형강관이음관,"파형강관이음관, 현대메탈, HM-083, (부품)커플링밴드, Φ200mm, 아연도금",21884813,5200,개,전지역,30,수요기관 지정장소,납품장소 하차도,"여성기업제품, 소기업",N,Y,20250304~20250613,20250304
현대메탈(주),충청북도 음성군,중소기업,파형강관이음관,파형강관이음관,"파형강관이음관, 현대메탈, P-SCP-125, 접속티, Φ300mm, PE양면피복",21885002,71560,개,전지역,30,수요기관 지정장소,납품장소 하차도,"KS, 여성기업제품, 소기업",N,Y,20251231~20260322,20251231
현대메탈(주),충청북도 음성군,중소기업,파형강관이음관,파형강관이음관,"파형강관이음관, 현대메탈, P-SCP-141, 접속티, Φ2000mm, PE양면피복",21885018,1047200,개,전지역(제주 및 도서산간지역 운임비 별도),30,수요기관 지정장소,납품장소 하차도,"KS, 여성기업제품, 소기업",N,Y,20260330~20290329,20260330
(주)금강,경상남도 진주시,중소기업,피복강관,폴리에틸렌피복스테인리스강관,"폴리에틸렌피복스테인리스강관, 금강, SP20N, Φ16×t0.3mm, STS304",24380819,3200,m,"전지역(제주도,도서산간지역 및 특수장비 사용시 운반비별도)",90,수요기관 지정장소,공장상차도,"G-PASS기업, G-PASS기업(B등급)",N,N,20240903~20250110,20240903
(주)금강,경상남도 진주시,중소기업,피복강관,폴리에틸렌피복스테인리스강관,"폴리에틸렌피복스테인리스강관, 금강, SP40LS, Φ32×t1.2mm, STS316L",24380864,19800,m,"전지역(제주도,도서산간지역 및 특수장비 사용시 운반비별도)",90,수요기관 지정장소,공장상차도,"G-PASS기업, G-PASS기업(B등급)",N,N,20240903~20250110,20240903
(주)금강,경상남도 진주시,중소기업,피복강관,폴리에틸렌피복스테인리스강관,"폴리에틸렌피복스테인리스강관, 금강, SP200L, Φ200×t1.2mm, STS316L",24380840,138100,m,"전지역(제주도,도서산간지역 및 특수장비 사용시 운반비별도)",90,수요기관 지정장소,공장상차도,"G-PASS기업, G-PASS기업(B등급)",N,N,20260421~20290423,20260421
(주)코팅코리아,인천광역시 서해구,중소기업,피복강관,폴리에틸렌피복강관,"폴리에틸렌피복강관, 코팅코리아, PFP-DHPJ 80A, Φ80×t4.05mm, 내부:PE/외부:PE",24611880,258080,본,전지역(제주 및 도서산간지역 운임비 별도),30,수요기관 지정장소,납품장소차상도,"환경표지제품, 녹색인증제품, 품질보증조달물품, 우수조달물품, G-PASS기업, G-PASS기업(B등급)",Y,N,20241008~20250414,20241008
(주)코팅코리아,인천광역시 서해구,중소기업,피복강관,폴리에틸렌피복강관,"폴리에틸렌피복강관, 코팅코리아, PFP-DHPJ 600A, Φ600×t6mm, 내부:PE/외부:PE",24611889,2274980,본,전지역(제주 및 도서산간지역 운임비 별도),30,수요기관 지정장소,납품장소차상도,"환경표지제품, 녹색인증제품, 품질보증조달물품, 우수조달물품, G-PASS기업, G-PASS기업(B등급)",Y,N,20241008~20250414,20241008
(주)코팅코리아,인천광역시 서해구,중소기업,피복강관,폴리에틸렌피복강관,"폴리에틸렌피복강관, 코팅코리아, PFP-DHPJ 1000A-9T, Φ1000×t9mm, 내부:PE/외부:PE",24611897,5201240,본,전지역(제주 및 도서산간지역 운임비 별도),30,수요기관 지정장소,납품장소차상도,"환경표지제품, 녹색인증제품, 품질보증조달물품, 우수조달물품, G-PASS기업, G-PASS기업(B등급)",Y,N,20250923~20270812,20250923
건일스틸 주식회사,경기도 평택시,중소기업,피복강관,폴리에틸렌피복강관,"폴리에틸렌피복강관, 건일스틸, GIJPL-400A-400, Φ400×t6mm, 내부:저온경화형에폭시/외부PE3층",25025126,168600,m,"전지역(제주,도서지역 제외)",60,수요기관 지정장소,납품장소차상도,"KS, 녹색인증제품, KC인증, 우수조달물품, 특허",Y,N,20241002~20250421,20241002
건일스틸 주식회사,경기도 평택시,중소기업,피복강관,폴리에틸렌피복강관,"폴리에틸렌피복강관, 건일스틸, GIJPL-400A-1650, Φ1650×t15mm, 내부:저온경화형에폭시/외부PE3층",25025152,1347440,m,"전지역(제주,도서지역 제외)",60,수요기관 지정장소,납품장소차상도,"KS, 녹색인증제품, KC인증, 우수조달물품, 특허",Y,N,20260624~20270912,20260624
건일스틸 주식회사,경기도 평택시,중소기업,피복강관,폴리에틸렌피복강관,"폴리에틸렌피복강관, 건일스틸, GIJPL-400A-2800, Φ2800×t26mm, 내부:저온경화형에폭시/외부:PE3층",25025168,4090700,m,"전지역(제주,도서지역 제외)",60,수요기관 지정장소,납품장소차상도,"KS, 녹색인증제품, KC인증, 우수조달물품, 특허",Y,N,20250626~20250923,20250626
성은종합철강 주식회사,충청북도 진천군,중소기업,피복강관,폴리에틸렌피복강관,"폴리에틸렌피복강관, 성은종합철강, SES-EW-290-3LP200, Φ200×t5.8mm, 내부:수성에폭시/외부:PE",25548369,93400,M,전지역(도서지역 제외),60,수요기관 지정장소,납품장소 상차도,"KS, 여성기업제품, 녹색인증제품, 품질보증조달물품, 우수조달물품, 특허",Y,N,20250910~20250923,20250910
성은종합철강 주식회사,충청북도 진천군,중소기업,피복강관,폴리에틸렌피복강관,"폴리에틸렌피복강관, 성은종합철강, SES-EW-400A-3LP1650, Φ1650×t15mm, 내부:수성에폭시/외부:PE",25548395,1347440,M,전지역(도서지역 제외),60,수요기관 지정장소,납품장소 상차도,"KS, 여성기업제품, 녹색인증제품, 품질보증조달물품, 우수조달물품, 특허",Y,N,20250923~20260507,20250923
성은종합철강 주식회사,충청북도 진천군,중소기업,피복강관,폴리에틸렌피복강관,"폴리에틸렌피복강관, 성은종합철강, SES-EW-400A-3LP3000, Φ3000×t29mm, 내부:수성에폭시/외부:PE",25548421,4885600,M,전지역(도서지역 제외),60,수요기관 지정장소,납품장소 상차도,"KS, 여성기업제품, 품질보증조달물품, 우수조달물품, 특허",Y,N,20260507~20280726,20260507
세인스틸 주식회사,전북특별자치도 김제시,중소기업,피복강관,폴리에틸렌피복강관,"폴리에틸렌피복강관, 세인스틸, SIPSP-P32, Φ32×t3.25mm, 내부:PE2층/외부:PE3층",24273527,17200,m,"전지역(제주,도서지역 제외)",60,수요기관지정장소,납품장소차상도,"KS, 녹색인증제품, 우수조달물품, 특허, G-PASS기업, G-PASS기업(B등급)",Y,N,20241209~20260430,20241209
세인스틸 주식회사,전북특별자치도 김제시,중소기업,피복강관,폴리에틸렌피복강관,"폴리에틸렌피복강관, 세인스틸, SI-L-A-200, Φ200×t5.8mm, 내부:액상에폭시/외부:PE3층",24051525,70800,m,"전지역(제주,도서 산간지역 제외)",60,수요기관 지정장소,납품장소차상도,KS,N,Y,20250710~20260601,20250710
세인스틸 주식회사,전북특별자치도 김제시,중소기업,피복강관,폴리에틸렌피복강관,"폴리에틸렌피복강관, 세인스틸, SIPSP-P500, Φ500×t6mm, 내부:PE2층/외부:PE3층",25796363,285000,m,"전지역(제주,도서지역 제외)",60,수요기관지정장소,납품장소차상도,"우수조달물품, G-PASS기업, G-PASS기업(B등급)",Y,N,20260430~20270912,20260430
신우종합철강 주식회사,전북특별자치도 군산시,중소기업,피복강관,폴리에틸렌피복강관,"폴리에틸렌피복강관, 신우종합철강, SWNJ-150A, Φ150×t5mm, 내부:액상에폭시/외부:PE3층, 풀림방지조인트",24541430,72440,m,전지역(제주 및 도서산간지역 운임비 별도),60,수요기관 지정장소,납품장소차상도,"KS, 품질보증조달물품, 사회적기업제품",N,Y,20250612~20250710,20250612
신우종합철강 주식회사,전북특별자치도 군산시,중소기업,피복강관,폴리에틸렌피복강관,"폴리에틸렌피복강관, 신우종합철강, SW3LP-S1350B, Φ1350×t10mm, 내부:RS액상에폭시/외부:PE3층",23747964,815910,M,"전지역(제주,도서지역 제외)",60,수요기관 지정장소,납품장소 상차도,"KS, 녹색인증제품, 품질보증조달물품, 사회적기업제품",N,N,20251010~20260521,20251010
신우종합철강 주식회사,전북특별자치도 군산시,중소기업,피복강관,폴리에틸렌피복강관,"폴리에틸렌피복강관, 신우종합철강, SW3LP-S2500A, Φ2500×t23mm, 내부:RS액상에폭시/외부:PE3층",23747985,3055310,M,"전지역(제주,도서지역 제외)",60,수요기관 지정장소,납품장소 상차도,"KS, 품질보증조달물품, 사회적기업제품",N,N,20260521~20260731,20260521
웰텍(주),강원특별자치도 횡성군,중소기업,피복강관,폴리에틸렌피복강관,"폴리에틸렌피복강관, 웰텍, WEL-3LP-NC200A, Φ200×t5.8mm, 내부:나노구리융합에폭시/외부:PE3층",24969784,93400,M,전지역(도서지역 제외),60,수요기관 지정장소,납품장소차상도,"녹색인증제품, KC인증, 우수조달물품, G-PASS기업, G-PASS기업(B등급)",Y,N,20250916~20260511,20250916
웰텍(주),강원특별자치도 횡성군,중소기업,피복강관,폴리에틸렌피복강관,"폴리에틸렌피복강관, 웰텍, WEL-3LP-NC1600A, Φ1600×t15mm, 내부:나노구리융합에폭시/외부:PE3층",24969808,1369900,M,전지역(도서지역 제외),90,수요기관 지정장소,납품장소차상도,"녹색인증제품, KC인증, 우수조달물품, G-PASS기업, G-PASS기업(B등급)",Y,N,20250530~20250701,20250530
웰텍(주),강원특별자치도 횡성군,중소기업,피복강관,폴리에틸렌피복강관,"폴리에틸렌피복강관, 웰텍, WEL-3LP-NC3000A, Φ3000×t29mm, 내부:나노구리융합에폭시/외부:PE3층",24969836,4885600,M,전지역(도서지역 제외),60,수요기관 지정장소,납품장소차상도,"녹색인증제품, KC인증, 우수조달물품, G-PASS기업, G-PASS기업(B등급)",Y,N,20260611~20270912,20260611
주성이엔지 주식회사,대전광역시 서구,중소기업,피복강관,폴리에틸렌피복강관,"폴리에틸렌피복강관, 주성이엔지, JS3LP-C200A, Φ200×t5.8mm, 내부:CNTCOAT RS액상에폭시/외부:PE3층",24513636,93400,m,전지역(도서지역 제외),60,수요기관 지정장소,납품장소 상차도,"KS, 여성기업제품, 품질보증조달물품, 우수조달물품, 사회적기업제품",Y,N,20250924~20260519,20250924
주성이엔지 주식회사,대전광역시 서구,중소기업,피복강관,폴리에틸렌피복강관,"폴리에틸렌피복강관, 주성이엔지, JS3LP-C1650B, Φ1650×t12mm, 내부:CNTCOAT RS액상에폭시/외부:PE3층",24513663,1194590,m,전지역(도서지역 제외),60,수요기관 지정장소,납품장소 상차도,"KS, 여성기업제품, 품질보증조달물품, 우수조달물품, 사회적기업제품",Y,N,20260519~20261023,20260519
주성이엔지 주식회사,대전광역시 서구,중소기업,피복강관,폴리에틸렌피복강관,"폴리에틸렌피복강관, 주성이엔지, JS3LP-C3000A, Φ3000×t29mm, 내부:CNTCOAT RS액상에폭시/외부:PE3층",24513688,4885600,m,전지역(도서지역 제외),60,수요기관 지정장소,납품장소 상차도,"KS, 여성기업제품, 녹색인증제품, 품질보증조달물품, 우수조달물품, 사회적기업제품",Y,N,20260519~20261023,20260519
주식회사 광성이엔지,충청북도 음성군,중소기업,피복강관,폴리에틸렌피복강관,"폴리에틸렌피복강관, 광성이엔지, GSSP-200A-1, Φ200×t5.8mm, 내부:에코세라폭시골드/외부:PE3층",23920522,93400,m,"전지역(제주,도서 산간지역 제외)",60,수요기관 지정장소,납품장소차상도,"여성기업제품, 우수조달물품, 소기업",Y,N,20250919~20260610,20250919
주식회사 광성이엔지,충청북도 음성군,중소기업,피복강관,폴리에틸렌피복강관,"폴리에틸렌피복강관, 광성이엔지, GSSP-1650A-2, Φ1650×t12mm, 내부:에코세라폭시골드/외부:PE3층",23920552,1194590,m,"전지역(제주,도서 산간지역 제외)",60,수요기관 지정장소,납품장소차상도,"여성기업제품, 녹색인증제품, 우수조달물품, 소기업",Y,N,20250919~20260610,20250919
주식회사 광성이엔지,충청북도 음성군,중소기업,피복강관,폴리에틸렌피복강관,"폴리에틸렌피복강관, 광성이엔지, GSSP-2800A-1, Φ2800×t26mm, 내부:에코세라폭시골드/외부:PE3층",23920573,4008160,m,"전지역(제주,도서 산간지역 제외)",60,수요기관 지정장소,납품장소차상도,"여성기업제품, 우수조달물품, 소기업",Y,N,20260610~20261126,20260610
주식회사 위스코,인천광역시 남동구,중소기업,피복강관,폴리에틸렌피복강관,"폴리에틸렌피복강관, 위스코, PEP-PD/DJ-80A(3LC), Φ80×t4.2mm, 내부:액상에폭시/외부:PE3층",24394278,245160,본,전지역(제주 및 도서산간지역 운임비 별도),50,수요기관 지정장소,납품장소차상도,"품질보증조달물품, 우수조달물품",Y,N,20250508~20250702,20250508
주식회사 위스코,인천광역시 남동구,중소기업,피복강관,폴리에틸렌피복강관,"폴리에틸렌피복강관, 위스코, PEP-PD/WD-900A-7T(3LC), Φ900×t7mm, 내부:액상에폭시/외부:PE3층",24394320,2417280,본,전지역(제주 및 도서산간지역 운임비 별도),50,수요기관 지정장소,납품장소차상도,"품질보증조달물품, 우수조달물품",Y,N,20250702~20260518,20250702
주식회사 위스코,인천광역시 남동구,중소기업,피복강관,폴리에틸렌피복강관,"폴리에틸렌피복강관, 위스코, PEP-PD/WD-1650A-15T(3LC), Φ1650×t15mm, 내부:액상에폭시/외부:PE3층",24394333,8219400,본,전지역(제주 및 도서산간지역 운임비 별도),50,수요기관 지정장소,납품장소차상도,"품질보증조달물품, 우수조달물품",Y,N,20250508~20250702,20250508
주식회사 태성스틸,충청북도 음성군,중소기업,피복강관,폴리에틸렌피복강관,"폴리에틸렌피복강관, 태성스틸, TSSPT-200A, Φ200×t5.8mm, 내부:일라이트에폭시/외부:PE3층",25016718,93400,m,"전지역(제주,도서 산간지역 제외)",60,수요기관 지정장소,납품장소차상도,"우수조달물품, 사회적기업제품, 특허",Y,N,20250918~20260610,20250918
주식회사 태성스틸,충청북도 음성군,중소기업,피복강관,폴리에틸렌피복강관,"폴리에틸렌피복강관, 태성스틸, TSSPT-1650A-2, Φ1650×t12mm, 내부:일라이트에폭시/외부:PE3층",25016745,1194590,m,"전지역(제주,도서 산간지역 제외)",60,수요기관 지정장소,납품장소차상도,"우수조달물품, 사회적기업제품, 특허",Y,N,20250610~20250918,20250610
주식회사 태성스틸,충청북도 음성군,중소기업,피복강관,폴리에틸렌피복강관,"폴리에틸렌피복강관, 태성스틸, TSSPT-2800A-1, Φ2800×t26mm, 내부:일라이트에폭시/외부:PE3층",25016766,4008160,m,"전지역(제주,도서 산간지역 제외)",60,수요기관 지정장소,납품장소차상도,"우수조달물품, 사회적기업제품, 특허",Y,N,20260610~20261126,20260610
한국종합철관 주식회사,충청남도 천안시 동남구,중소기업,피복강관,폴리에틸렌피복강관,"폴리에틸렌피복강관, 한국종합철관, 3PE.L-X-300A, Φ300×t6.9mm, 내부:무용제형에폭시/외부:PE3층",24312095,148600,m,전지역(도서지역 제외),60,수요기관 지정장소,납품장소 상차도,,N,N,20241014~20250224,20241014
한국종합철관 주식회사,충청남도 천안시 동남구,중소기업,피복강관,폴리에틸렌피복강관,"폴리에틸렌피복강관, 한국종합철관, 3PE.L-X-1600A, Φ1600×t15mm, 내부:무용제형에폭시/외부:PE3층",24312118,1369900,m,전지역(도서지역 제외),60,수요기관 지정장소,납품장소 상차도,,N,N,20241014~20250224,20241014
한국종합철관 주식회사,충청남도 천안시 동남구,중소기업,피복강관,폴리에틸렌피복강관,"폴리에틸렌피복강관, 한국종합철관, 3PE.L-X-2800A, Φ2800×t26mm, 내부:무용제형에폭시/외부:PE3층",24312142,4008160,m,전지역(도서지역 제외),60,수요기관 지정장소,납품장소 상차도,,N,N,20250321~20251024,20250321
현대특수강(주),대전광역시 유성구,중소기업,피복강관,폴리에틸렌피복강관,"폴리에틸렌피복강관, 현대특수강, HD3LP-C200A, Φ200×t5.8mm, 내부:탄화섬유소강화폴리우레탄/외부:PE3층",23574824,93400,m,전지역(도서지역 제외),60,수요기관 지정장소,납품장소 상차도,"KS, 단체표준인증, KC인증, 품질보증조달물품, 우수조달물품, 특허, 소기업",Y,N,20250916~20260511,20250916
현대특수강(주),대전광역시 유성구,중소기업,피복강관,폴리에틸렌피복강관,"폴리에틸렌피복강관, 현대특수강, HD3LP-C1650A, Φ1650×t15mm, 내부:탄화섬유소강화폴리우레탄/외부:PE3층",23574850,1347440,M,전지역(도서지역 제외),60,수요기관 지정장소,납품장소 상차도,"KS, 단체표준인증, KC인증, 품질보증조달물품, 우수조달물품, 특허, 소기업",Y,N,20260511~20270829,20260511
현대특수강(주),대전광역시 유성구,중소기업,피복강관,폴리에틸렌피복강관,"폴리에틸렌피복강관, 현대특수강, HD3LP-C3000A, Φ3000×t29mm, 내부:탄화섬유소강화폴리우레탄/외부:PE3층",23574889,4885600,M,전지역(도서지역 제외),60,수요기관 지정장소,납품장소 상차도,"KS, 단체표준인증, KC인증, 품질보증조달물품, 우수조달물품, 특허, 소기업",Y,N,20260511~20270829,20260511
(주)코팅코리아,인천광역시 서해구,중소기업,피복강관이음,피복강관연결구,"피복강관연결구, 코팅코리아, PFP-JOINT-DHP 80A, Φ80mm",24612379,59020,EA,전지역(제주 및 도서산간지역 운임비 별도),30,수요기관 지정장소,납품장소차상도,"녹색인증제품, 품질보증조달물품, 우수조달물품, G-PASS기업, G-PASS기업(B등급)",Y,N,20241008~20250414,20241008
(주)코팅코리아,인천광역시 서해구,중소기업,피복강관이음,피복강관연결구,"피복강관연결구, 코팅코리아, PFP-JOINT-DHP 400A, Φ400mm",24612386,406730,EA,전지역(제주 및 도서산간지역 운임비 별도),30,수요기관 지정장소,납품장소차상도,"녹색인증제품, 품질보증조달물품, 우수조달물품, G-PASS기업, G-PASS기업(B등급)",Y,N,20241008~20250414,20241008
(주)코팅코리아,인천광역시 서해구,중소기업,피복강관이음,피복강관연결구,"피복강관연결구, 코팅코리아, PFP-JOINT-DHP 1000A, Φ1000mm",24612392,1501660,EA,전지역(제주 및 도서산간지역 운임비 별도),30,수요기관 지정장소,납품장소차상도,"녹색인증제품, 품질보증조달물품, 우수조달물품, G-PASS기업, G-PASS기업(B등급)",Y,N,20250923~20270812,20250923
건일스틸 주식회사,경기도 평택시,중소기업,피복강관이음,폴리에틸렌피복강관이음관,"폴리에틸렌피복강관이음관, 건일스틸, GIJPL-22 1/2˚-400A-1, 22.5˚곡관, Φ400mm, 내부:저온경화형에폭시/외부:PE3층",25025073,627000,개,"전지역(제주,도서지역 제외)",60,수요기관 지정장소,납품장소차상도,"KS, 녹색인증제품, KC인증, 우수조달물품, 특허",Y,N,20241002~20250421,20241002
건일스틸 주식회사,경기도 평택시,중소기업,피복강관이음,폴리에틸렌피복강관이음관,"폴리에틸렌피복강관이음관, 건일스틸, GIJPL-45˚-1500A-2, 45˚곡관, Φ1500mm, 내부:저온경화형에폭시/외부:PE3층",25025109,5013020,개,"전지역(제주,도서지역 제외)",60,수요기관 지정장소,납품장소차상도,"KS, 녹색인증제품, KC인증, 우수조달물품, 특허",Y,N,20241002~20250421,20241002
건일스틸 주식회사,경기도 평택시,중소기업,피복강관이음,폴리에틸렌피복강관이음관,"폴리에틸렌피복강관이음관, 건일스틸, GIJPL-90˚-2800A-2, 90˚곡관, Φ2800mm, 내부:저온경화형에폭시/외부:PE3층",25025074,20691750,개,"전지역(제주,도서지역 제외)",60,수요기관 지정장소,납품장소차상도,"KS, 녹색인증제품, KC인증, 우수조달물품, 특허",Y,N,20260624~20270912,20260624
성은종합철강 주식회사,충청북도 진천군,중소기업,피복강관이음,폴리에틸렌피복강관이음관,"폴리에틸렌피복강관이음관, 성은종합철강, SEF-EW-290-3LP200L, 단관, Φ200mm, 내부:수성에폭시/외부:PE",25555597,93100,M,전지역(도서지역 제외),60,수요기관 지정장소,납품장소 상차도,"여성기업제품, 녹색인증제품, 우수조달물품",Y,N,20260507~20280726,20260507
성은종합철강 주식회사,충청북도 진천군,중소기업,피복강관이음,폴리에틸렌피복강관이음관,"폴리에틸렌피복강관이음관, 성은종합철강, SE3LP-K800AE90, 90˚곡관, Φ800mm, 내부:키토산세라믹/외부:PE3층",23424417,2417240,EA,전지역(도서지역 제외),60,수요기관 지정장소,납품장소 상차도,"KS, 품질보증조달물품, 특허",N,N,20250604~20250806,20250604
성은종합철강 주식회사,충청북도 진천군,중소기업,피복강관이음,폴리에틸렌피복강관이음관,"폴리에틸렌피복강관이음관, 성은종합철강, SEF-EW-90-3LP2600AE, 90˚곡관, Φ2600mm, 내부:수성에폭시/외부:PE",25555935,18030150,EA,전지역(도서지역 제외),60,수요기관 지정장소,납품장소 상차도,"여성기업제품, 우수조달물품",Y,N,20260507~20280726,20260507
신우종합철강 주식회사,전북특별자치도 군산시,중소기업,피복강관이음,폴리에틸렌피복강관이음관,"폴리에틸렌피복강관이음관, 신우종합철강, SW3LP-S200AL, 단관, Φ200mm, 내부:RS액상에폭시/외부:PE3층",23748831,93100,M,"전지역(제주,도서지역 제외)",60,수요기관 지정장소,납품장소 상차도,"KS, 품질보증조달물품, 사회적기업제품",N,N,20260521~20260731,20260521
신우종합철강 주식회사,전북특별자치도 군산시,중소기업,피복강관이음,폴리에틸렌피복강관이음관,"폴리에틸렌피복강관이음관, 신우종합철강, SW3LP-S2200AL, 단관, Φ2200mm, 내부:RS액상에폭시/외부:PE3층",23748853,2233500,M,"전지역(제주,도서지역 제외)",60,수요기관 지정장소,납품장소 상차도,"KS, 품질보증조달물품, 사회적기업제품",N,N,20260521~20260731,20260521
신우종합철강 주식회사,전북특별자치도 군산시,중소기업,피복강관이음,폴리에틸렌피복강관이음관,"폴리에틸렌피복강관이음관, 신우종합철강, SW3LP-S2500A90, 90˚곡관, Φ2500mm, 내부:RS액상에폭시/외부:PE3층",23748960,16518310,EA,"전지역(제주,도서지역 제외)",60,수요기관 지정장소,납품장소 상차도,"KS, 품질보증조달물품, 사회적기업제품",N,N,20260521~20260731,20260521
웰텍(주),강원특별자치도 횡성군,중소기업,피복강관이음,폴리에틸렌피복강관이음관,"폴리에틸렌피복강관이음관, 웰텍, WEL-3LP-NC200A-L, 단관, Φ200mm, 내부:나노구리융합에폭시/외부:PE3층",24969838,93100,M,전지역(도서지역 제외),60,수요기관 지정장소,납품장소차상도,"녹색인증제품, 우수조달물품, G-PASS기업, G-PASS기업(B등급)",Y,N,20260511~20260611,20260511
웰텍(주),강원특별자치도 횡성군,중소기업,피복강관이음,폴리에틸렌피복강관이음관,"폴리에틸렌피복강관이음관, 웰텍, WEL-3LP-NC900A-E90, 90˚곡관, Φ900mm, 내부:나노구리융합에폭시/외부:PE3층",24969972,2863330,개,전지역(도서지역 제외),90,수요기관 지정장소,납품장소차상도,"녹색인증제품, 우수조달물품, G-PASS기업, G-PASS기업(B등급)",Y,N,20250428~20250530,20250428
웰텍(주),강원특별자치도 횡성군,중소기업,피복강관이음,폴리에틸렌피복강관이음관,"폴리에틸렌피복강관이음관, 웰텍, WEL-3LP-NC3000A-E45, 45˚곡관, Φ3000mm, 내부:나노구리융합에폭시/외부:PE3층",24969961,20393600,개,전지역(도서지역 제외),60,수요기관 지정장소,납품장소차상도,"녹색인증제품, 우수조달물품, G-PASS기업, G-PASS기업(B등급)",Y,N,20260611~20270912,20260611
주성이엔지 주식회사,대전광역시 서구,중소기업,피복강관이음,폴리에틸렌피복강관이음관,"폴리에틸렌피복강관이음관, 주성이엔지, JS3LP-C200AL, 단관, Φ200mm, 내부:CNTCOAT RS액상에폭시/외부:PE3층",24513690,93100,m,전지역(도서지역 제외),60,수요기관 지정장소,납품장소 상차도,"KS, 여성기업제품, 품질보증조달물품, 우수조달물품, 사회적기업제품",Y,N,20260519~20261023,20260519
주성이엔지 주식회사,대전광역시 서구,중소기업,피복강관이음,폴리에틸렌피복강관이음관,"폴리에틸렌피복강관이음관, 주성이엔지, JS3LP-C1100A45, 45˚곡관, Φ1100mm, 내부:CNTCOAT RS액상에폭시/외부:PE3층",24513795,3241800,EA,전지역(도서지역 제외),60,수요기관 지정장소,납품장소 상차도,"KS, 여성기업제품, 품질보증조달물품, 우수조달물품, 사회적기업제품",Y,N,20250829~20250910,20250829
주성이엔지 주식회사,대전광역시 서구,중소기업,피복강관이음,폴리에틸렌피복강관이음관,"폴리에틸렌피복강관이음관, 주성이엔지, JS3LP-C3000A90, 90˚곡관, Φ3000mm, 내부:CNTCOAT RS액상에폭시/외부:PE3층",24513844,25247100,EA,전지역(도서지역 제외),60,수요기관 지정장소,납품장소 상차도,"KS, 여성기업제품, 품질보증조달물품, 우수조달물품, 사회적기업제품",Y,N,20260519~20261023,20260519
주식회사 광성이엔지,충청북도 음성군,중소기업,피복강관이음,폴리에틸렌피복강관이음관,"폴리에틸렌피복강관이음관, 광성이엔지, GSSF-200A-E, 단관, Φ200mm, 내부:에코세라폭시골드/외부:PE3층",23920575,93100,EA,"전지역(제주,도서 산간지역 제외)",60,수요기관 지정장소,납품장소차상도,"여성기업제품, 우수조달물품, 소기업",Y,N,20260610~20261126,20260610
주식회사 광성이엔지,충청북도 음성군,중소기업,피복강관이음,폴리에틸렌피복강관이음관,"폴리에틸렌피복강관이음관, 광성이엔지, GSSF-1000A-E11, 11.25˚곡관, Φ1000mm, 내부:에코세라폭시골드/외부:PE3층",23920622,2153530,EA,"전지역(제주,도서 산간지역 제외)",60,수요기관 지정장소,납품장소차상도,"여성기업제품, 우수조달물품, 소기업",Y,N,20250304~20250422,20250304
주식회사 광성이엔지,충청북도 음성군,중소기업,피복강관이음,폴리에틸렌피복강관이음관,"폴리에틸렌피복강관이음관, 광성이엔지, GSSF-2400A-E90, 90˚곡관, Φ2400mm, 내부:에코세라폭시골드/외부:PE3층",23920722,16206100,EA,"전지역(제주,도서 산간지역 제외)",60,수요기관 지정장소,납품장소차상도,"여성기업제품, 우수조달물품, 소기업",Y,N,20240903~20241008,20240903
주식회사 태성스틸,충청북도 음성군,중소기업,피복강관이음,폴리에틸렌피복강관이음관,"폴리에틸렌피복강관이음관, 태성스틸, TSSFT-200A-E, 단관, Φ200mm, 내부:일라이트에폭시/외부:PE3층",25016768,93100,EA,"전지역(제주,도서 산간지역 제외)",60,수요기관 지정장소,납품장소차상도,"우수조달물품, 사회적기업제품, 특허",Y,N,20260610~20261126,20260610
주식회사 태성스틸,충청북도 음성군,중소기업,피복강관이음,폴리에틸렌피복강관이음관,"폴리에틸렌피복강관이음관, 태성스틸, TSSFT-1100A-E5, 5.625˚곡관, Φ1100mm, 내부:일라이트에폭시/외부:PE3층",25016794,2438470,EA,"전지역(제주,도서 산간지역 제외)",60,수요기관 지정장소,납품장소차상도,"우수조달물품, 사회적기업제품, 특허",Y,N,20250610~20250918,20250610
주식회사 태성스틸,충청북도 음성군,중소기업,피복강관이음,폴리에틸렌피복강관이음관,"폴리에틸렌피복강관이음관, 태성스틸, TSSFT-2400A-E90, 90˚곡관, Φ2400mm, 내부:일라이트에폭시/외부:PE3층",25016906,15351550,EA,"전지역(제주,도서 산간지역 제외)",60,수요기관 지정장소,납품장소차상도,"우수조달물품, 사회적기업제품, 특허",Y,N,20260610~20261126,20260610
현대특수강(주),대전광역시 유성구,중소기업,피복강관이음,폴리에틸렌피복강관이음관,"폴리에틸렌피복강관이음관, 현대특수강, HD3LP-C200A-L, 단관, Φ200mm, 내부:탄화섬유소강화폴리우레탄/외부:PE3층",23575030,93100,EA,전지역(도서지역 제외),60,수요기관 지정장소,납품장소 상차도,"KS, 단체표준인증, KC인증, 품질보증조달물품, 우수조달물품, 특허, 소기업",Y,N,20260511~20270829,20260511
현대특수강(주),대전광역시 유성구,중소기업,피복강관이음,폴리에틸렌피복강관이음관,"폴리에틸렌피복강관이음관, 현대특수강, HD3LP-C1100AE-45, 45˚곡관, Φ1100mm, 내부:탄화섬유소강화폴리우레탄/외부:PE3층",23574946,3241800,EA,전지역(도서지역 제외),60,수요기관 지정장소,납품장소 상차도,"KS, 단체표준인증, KC인증, 품질보증조달물품, 우수조달물품, 특허, 소기업",Y,N,20250611~20250916,20250611
현대특수강(주),대전광역시 유성구,중소기업,피복강관이음,폴리에틸렌피복강관이음관,"폴리에틸렌피복강관이음관, 현대특수강, HD3LP-C3000AE-90, 90˚곡관, Φ3000mm, 내부:탄화섬유소강화폴리우레탄/외부:PE3층",23574933,25247100,EA,전지역(도서지역 제외),60,수요기관 지정장소,납품장소 상차도,"KS, 단체표준인증, KC인증, 품질보증조달물품, 우수조달물품, 특허, 소기업",Y,N,20260511~20270829,20260511
